bet_type,tie_rule,open_time,close_time,p1_dg_id,p2_dg_id,p3_dg_id,p1_player_name,p2_player_name,p3_player_name,p1_open,p1_close,p2_open,p2_close,p3_open,p3_close,p1_outcome,p2_outcome,p3_outcome,p1_outcome_text,p2_outcome_text,p3_outcome_text,book,event_completed,event_name,season,year,event_id,odds,round_num,tour_p1,dg_id_p1,fin_text_p1,course_name_p1,course_num_p1,course_par_p1,start_hole_p1,teetime_p1,round_score_p1,sg_putt_p1,sg_arg_p1,sg_app_p1,sg_ott_p1,sg_t2g_p1,sg_total_p1,driving_dist_p1,driving_acc_p1,gir_p1,scrambling_p1,prox_rgh_p1,prox_fw_p1,great_shots_p1,poor_shots_p1,eagles_or_better_p1,birdies_p1,pars_p1,bogies_p1,doubles_or_worse_p1,dg_id_p2,fin_text_p2,teetime_p2,round_score_p2,sg_putt_p2,sg_arg_p2,sg_app_p2,sg_ott_p2,sg_t2g_p2,sg_total_p2,driving_dist_p2,driving_acc_p2,gir_p2,scrambling_p2,prox_rgh_p2,prox_fw_p2,great_shots_p2,poor_shots_p2,eagles_or_better_p2,birdies_p2,pars_p2,bogies_p2,doubles_or_worse_p2,dg_id_p3,fin_text_p3,teetime_p3,round_score_p3,sg_putt_p3,sg_arg_p3,sg_app_p3,sg_ott_p3,sg_t2g_p3,sg_total_p3,driving_dist_p3,driving_acc_p3,gir_p3,scrambling_p3,prox_rgh_p3,prox_fw_p3,great_shots_p3,poor_shots_p3,eagles_or_better_p3,birdies_p3,pars_p3,bogies_p3,doubles_or_worse_p3,wx_lat,wx_lon,wx_date_from_close,wx_teetime,wx_temp,wx_feelslike,wx_humidity,wx_dew,wx_precip,wx_precipprob,wx_preciptype,wx_windspeed,wx_windgust,wx_winddir,wx_pressure,wx_visibility,wx_cloudcover,wx_conditions,wx_icon,wx_datetime_hour,wx_datetimeEpoch
R1 3-Ball,Ties settled by dead-heat rules,22JUL25:14:30:00,24JUL25:06:30:00,6430.0,23604.0,27774.0,"scott, adam","clark, wyndham","gotterup, chris",3.1,3.1,2.7,2.7,2.4,2.4,0.0,0.0,1.0,loss,loss,win,draftkings,2025-07-27,3M Open,2025,2025,525,,1.0,pga,6430.0,T53,TPC Twin Cities,883.0,71.0,1.0,12:43:00.000,69.0,-1.63,-0.825,0.728,1.624,1.527,-0.103,298.7,0.857,0.722,0.714,42.668,19.686,4.0,3.0,0.0,3.0,14.0,1.0,0.0,23604.0,T12,12:43:00.000,67.0,-0.609,1.512,1.204,-0.21,2.506,1.897,295.1,0.643,0.722,0.833,40.515,24.377,5.0,4.0,0.0,7.0,9.0,1.0,1.0,27774.0,T10,12:43:00.000,63.0,2.278,0.475,3.289,-0.145,3.619,5.897,301.8,0.5,0.722,1.0,31.587,21.391,8.0,2.0,1.0,6.0,11.0,0.0,0.0,45.1772759150365,-93.21330371989598,2025-07-24,12:43:00,80.0,82.4,65.0,67.2,0.0,0.0,,7.4,18.3,325.0,1015.2,9.9,62.2,Partially cloudy,partly-cloudy-day,13:00:00,1753380000.0
R1 3-Ball,Ties settled by dead-heat rules,22JUL25:14:30:00,24JUL25:06:30:00,6252.0,18474.0,21756.0,"baddeley, aaron","smalley, alex","cole, eric",4.6,4.6,2.1,2.1,2.4,2.4,0.0,1.0,0.0,loss,win,loss,draftkings,2025-07-27,3M Open,2025,2025,525,,1.0,pga,6252.0,CUT,TPC Twin Cities,883.0,71.0,1.0,8:13:00.000,73.0,-1.996,0.089,-1.797,-0.399,-2.107,-4.103,275.1,0.571,0.611,0.571,74.095,27.546,3.0,7.0,0.0,2.0,12.0,4.0,0.0,18474.0,T44,8:13:00.000,71.0,-0.757,-0.408,0.196,-1.134,-1.346,-2.103,292.5,0.5,0.556,0.889,30.722,32.933,4.0,7.0,0.0,3.0,14.0,0.0,1.0,21756.0,CUT,8:13:00.000,75.0,-2.681,0.137,-2.435,-1.124,-3.422,-6.103,290.5,0.714,0.722,0.429,62.107,24.953,1.0,7.0,0.0,2.0,11.0,4.0,1.0,45.1772759150365,-93.21330371989598,2025-07-24,08:13:00,71.4,71.4,92.25,69.1,0.0,0.0,,7.3,12.1,344.0,1014.1,9.9,87.9,Partially cloudy,partly-cloudy-day,08:00:00,1753362000.0
R1 3-Ball,Ties settled by dead-heat rules,22JUL25:14:30:00,24JUL25:06:30:00,20722.0,23504.0,25003.0,"schmid, matti","hoey, rico","walker, danny",2.5,2.5,2.3,2.3,3.55,3.55,1.0,0.0,0.0,win,loss,loss,draftkings,2025-07-27,3M Open,2025,2025,525,,1.0,pga,20722.0,T61,TPC Twin Cities,883.0,71.0,10.0,12:10:00.000,63.0,3.593,-0.408,1.413,1.299,2.304,5.897,306.8,0.571,0.944,1.0,36.134,21.673,4.0,1.0,0.0,8.0,10.0,0.0,0.0,23504.0,T57,12:10:00.000,68.0,-1.912,-0.716,2.166,1.359,2.809,0.897,290.4,0.786,0.944,0.5,32.533,20.138,3.0,4.0,0.0,4.0,13.0,1.0,0.0,25003.0,CUT,12:10:00.000,68.0,0.827,0.856,-1.774,0.988,0.07,0.897,302.4,0.643,0.722,0.8,22.712,28.635,5.0,4.0,0.0,5.0,12.0,0.0,1.0,45.1772759150365,-93.21330371989598,2025-07-24,12:10:00,77.6,77.6,70.03,67.1,0.0,0.0,,5.8,14.5,351.0,1015.2,9.9,89.0,Partially cloudy,partly-cloudy-day,12:00:00,1753376400.0
R1 3-Ball,Ties settled by dead-heat rules,22JUL25:14:30:00,24JUL25:06:30:00,6986.0,7960.0,12808.0,"johnson, zach","list, luke","grillo, emiliano",3.1,3.1,3.1,3.1,2.15,2.15,0.0,0.0,1.0,loss,loss,win,draftkings,2025-07-27,3M Open,2025,2025,525,,1.0,pga,6986.0,CUT,TPC Twin Cities,883.0,71.0,1.0,8:02:00.000,72.0,-0.549,-1.29,-1.147,-0.117,-2.554,-3.103,276.0,0.786,0.778,0.75,37.854,22.804,2.0,4.0,0.0,2.0,14.0,1.0,1.0,7960.0,CUT,8:02:00.000,72.0,-1.319,-0.992,-0.739,-0.053,-1.784,-3.103,295.8,0.643,0.778,0.5,35.296,30.878,0.0,1.0,0.0,2.0,13.0,3.0,0.0,12808.0,T20,8:02:00.000,65.0,-1.419,0.405,3.874,1.037,5.316,3.897,286.1,0.786,0.889,0.75,32.63,17.394,5.0,3.0,0.0,6.0,12.0,0.0,0.0,45.1772759150365,-93.21330371989598,2025-07-24,08:02:00,71.4,71.4,92.25,69.1,0.0,0.0,,7.3,12.1,344.0,1014.1,9.9,87.9,Partially cloudy,partly-cloudy-day,08:00:00,1753362000.0
R1 3-Ball,Ties settled by dead-heat rules,22JUL25:14:30:00,24JUL25:06:30:00,19872.0,19960.0,24304.0,"riley, davis","pavon, matthieu","vilips, karl",2.4,2.4,2.9,2.9,2.9,2.9,0.0,1.0,0.0,loss,win,loss,draftkings,2025-07-27,3M Open,2025,2025,525,,1.0,pga,19872.0,CUT,TPC Twin Cities,883.0,71.0,10.0,13:16:00.000,70.0,-3.119,0.404,1.199,0.413,2.016,-1.103,297.9,0.5,0.722,0.667,45.444,22.667,2.0,4.0,0.0,4.0,11.0,3.0,0.0,19960.0,T44,13:16:00.000,69.0,2.168,-1.478,-0.359,-0.434,-2.271,-0.103,289.3,0.643,0.778,0.4,53.382,22.433,4.0,4.0,0.0,6.0,9.0,2.0,1.0,24304.0,CUT,13:16:00.000,70.0,-3.382,0.362,1.179,0.738,2.279,-1.103,287.7,0.786,0.889,0.5,54.578,20.778,2.0,4.0,0.0,3.0,13.0,2.0,0.0,45.1772759150365,-93.21330371989598,2025-07-24,13:16:00,80.0,82.4,65.0,67.2,0.0,0.0,,7.4,18.3,325.0,1015.2,9.9,62.2,Partially cloudy,partly-cloudy-day,13:00:00,1753380000.0
R1 3-Ball,Ties settled by dead-heat rules,22JUL25:14:30:00,24JUL25:06:30:00,19865.0,20706.0,24342.0,"hardy, nick","wallace, matt","higgo, garrick",3.1,3.1,2.25,2.25,3.0,3.0,0.0,1.0,0.0,loss,win,loss,draftkings,2025-07-27,3M Open,2025,2025,525,,1.0,pga,19865.0,T28,TPC Twin Cities,883.0,71.0,10.0,12:43:00.000,67.0,0.038,-0.669,3.172,-0.644,1.859,1.897,297.2,0.571,0.667,0.375,24.381,18.558,7.0,5.0,0.0,6.0,10.0,2.0,0.0,20706.0,T3,12:43:00.000,65.0,0.546,0.648,2.321,0.382,3.351,3.897,299.9,0.571,0.833,0.6,15.815,25.595,6.0,2.0,1.0,5.0,11.0,1.0,0.0,24342.0,T39,12:43:00.000,68.0,-0.909,1.021,0.707,0.078,1.806,0.897,296.7,0.571,0.833,0.75,35.237,23.396,4.0,3.0,0.0,3.0,15.0,0.0,0.0,45.1772759150365,-93.21330371989598,2025-07-24,12:43:00,80.0,82.4,65.0,67.2,0.0,0.0,,7.4,18.3,325.0,1015.2,9.9,62.2,Partially cloudy,partly-cloudy-day,13:00:00,1753380000.0
R1 3-Ball,Ties settled by dead-heat rules,22JUL25:14:30:00,24JUL25:06:30:00,19840.0,22760.0,26649.0,"ramey, chad","hisatsune, ryo","thorbjornsen, michael",3.3,3.3,3.0,3.0,2.15,2.15,1.0,0.0,0.0,win,loss,loss,draftkings,2025-07-27,3M Open,2025,2025,525,,1.0,pga,19840.0,T28,TPC Twin Cities,883.0,71.0,10.0,8:13:00.000,63.0,2.606,0.133,1.553,1.605,3.291,5.897,292.5,0.929,0.833,1.0,13.901,20.209,3.0,3.0,0.0,9.0,8.0,1.0,0.0,22760.0,CUT,8:13:00.000,72.0,0.7,-1.806,-2.353,0.356,-3.803,-3.103,293.8,0.5,0.611,0.625,51.662,24.186,2.0,6.0,0.0,2.0,13.0,3.0,0.0,26649.0,CUT,8:13:00.000,76.0,-0.877,-0.992,-2.382,-2.852,-6.226,-7.103,291.0,0.643,0.611,0.429,22.911,26.557,3.0,8.0,0.0,3.0,10.0,3.0,2.0,45.1772759150365,-93.21330371989598,2025-07-24,08:13:00,71.4,71.4,92.25,69.1,0.0,0.0,,7.3,12.1,344.0,1014.1,9.9,87.9,Partially cloudy,partly-cloudy-day,08:00:00,1753362000.0
R1 3-Ball,Ties settled by dead-heat rules,22JUL25:14:30:00,24JUL25:06:30:00,19396.0,26096.0,29770.0,"knapp, jake","bhatia, akshay","mouw, william",2.4,2.4,2.5,2.5,3.4,3.4,1.0,0.0,0.0,win,loss,loss,draftkings,2025-07-27,3M Open,2025,2025,525,,1.0,pga,19396.0,T3,TPC Twin Cities,883.0,71.0,1.0,13:05:00.000,64.0,0.071,-0.151,2.45,2.527,4.826,4.897,311.8,0.786,0.944,0.667,17.048,22.288,5.0,0.0,1.0,5.0,12.0,0.0,0.0,26096.0,T25,13:05:00.000,66.0,1.684,0.007,-0.13,1.336,1.213,2.897,298.2,0.786,0.722,0.857,33.26,27.516,4.0,3.0,0.0,7.0,9.0,2.0,0.0,29770.0,T7,13:05:00.000,66.0,2.534,-0.286,0.447,0.202,0.363,2.897,294.6,0.643,0.833,1.0,22.669,25.978,5.0,2.0,0.0,5.0,13.0,0.0,0.0,45.1772759150365,-93.21330371989598,2025-07-24,13:05:00,80.0,82.4,65.0,67.2,0.0,0.0,,7.4,18.3,325.0,1015.2,9.9,62.2,Partially cloudy,partly-cloudy-day,13:00:00,1753380000.0
R1 3-Ball,Ties settled by dead-heat rules,22JUL25:14:30:00,24JUL25:06:30:00,7820.0,13367.0,14698.0,"palmer, ryan","merritt, troy","bramlett, joseph",4.0,4.0,2.9,2.9,1.95,1.95,0.5,0.5,0.0,dead-heat: 1 for 2,dead-heat: 1 for 2,loss,draftkings,2025-07-27,3M Open,2025,2025,525,,1.0,pga,7820.0,CUT,TPC Twin Cities,883.0,71.0,10.0,12:21:00.000,68.0,0.51,1.071,-1.029,0.345,0.387,0.897,295.4,0.571,0.722,0.429,33.177,39.109,5.0,6.0,1.0,5.0,8.0,4.0,0.0,13367.0,T44,12:21:00.000,68.0,-1.994,0.115,2.727,0.049,2.891,0.897,287.1,0.786,0.944,1.0,35.517,19.953,1.0,1.0,0.0,3.0,15.0,0.0,0.0,14698.0,T44,12:21:00.000,69.0,-1.019,0.873,-1.963,2.006,0.916,-0.103,305.2,0.857,0.833,0.4,76.781,24.64,2.0,2.0,0.0,5.0,11.0,1.0,1.0,45.1772759150365,-93.21330371989598,2025-07-24,12:21:00,77.6,77.6,70.03,67.1,0.0,0.0,,5.8,14.5,351.0,1015.2,9.9,89.0,Partially cloudy,partly-cloudy-day,12:00:00,1753376400.0
R1 3-Ball,Ties settled by dead-heat rules,22JUL25:14:30:00,24JUL25:06:30:00,17723.0,18761.0,25002.0,"lower, justin","mullinax, trey","wu, dylan",2.75,2.75,2.8,2.8,2.6,2.6,0.0,0.0,1.0,loss,loss,win,draftkings,2025-07-27,3M Open,2025,2025,525,,1.0,pga,17723.0,CUT,TPC Twin Cities,883.0,71.0,10.0,12:32:00.000,71.0,-0.091,-0.503,-1.5,-0.009,-2.012,-2.103,283.0,0.571,0.667,0.833,37.927,21.351,2.0,3.0,0.0,2.0,14.0,2.0,0.0,18761.0,CUT,12:32:00.000,76.0,-3.895,-0.319,-1.532,-1.357,-3.208,-7.103,297.0,0.5,0.722,0.333,38.48,25.846,2.0,8.0,0.0,1.0,13.0,2.0,2.0,25002.0,DQ,12:32:00.000,70.0,-0.549,-0.782,-0.424,0.652,-0.554,-1.103,290.3,0.714,0.611,0.7,36.359,28.103,2.0,4.0,0.0,2.0,15.0,1.0,0.0,45.1772759150365,-93.21330371989598,2025-07-24,12:32:00,80.0,82.4,65.0,67.2,0.0,0.0,,7.4,18.3,325.0,1015.2,9.9,62.2,Partially cloudy,partly-cloudy-day,13:00:00,1753380000.0
R1 3-Ball,Ties settled by dead-heat rules,22JUL25:14:30:00,24JUL25:06:30:00,9171.0,10104.0,14459.0,"villegas, camilo","power, seamus","an, byeong hun",3.75,3.75,2.6,2.6,2.15,2.15,0.0,1.0,0.0,loss,win,loss,draftkings,2025-07-27,3M Open,2025,2025,525,,1.0,pga,9171.0,T53,TPC Twin Cities,883.0,71.0,1.0,7:18:00.000,68.0,3.182,1.003,-3.164,-0.124,-2.285,0.897,287.2,0.429,0.722,0.571,41.613,43.696,5.0,2.0,0.0,5.0,11.0,2.0,0.0,10104.0,T28,7:18:00.000,67.0,2.103,-0.727,1.222,-0.701,-0.206,1.897,285.1,0.571,0.778,0.667,13.306,25.104,4.0,3.0,0.0,6.0,10.0,2.0,0.0,14459.0,CUT,7:18:00.000,69.0,1.994,1.065,-2.531,-0.631,-2.097,-0.103,304.9,0.429,0.667,0.667,44.868,26.763,5.0,4.0,0.0,3.0,14.0,1.0,0.0,45.1772759150365,-93.21330371989598,2025-07-24,07:18:00,69.8,69.8,99.67,69.7,0.005,100.0,rain,0.5,10.1,358.0,1014.5,9.9,45.7,"Rain, Partially cloudy",rain,07:00:00,1753358400.0
R1 3-Ball,Ties settled by dead-heat rules,22JUL25:14:30:00,24JUL25:06:30:00,8820.0,26653.0,28469.0,"snedeker, brandt","eckroat, austin","highsmith, joe",3.0,3.0,2.4,2.4,2.8,2.8,0.0,1.0,0.0,loss,win,loss,draftkings,2025-07-27,3M Open,2025,2025,525,,1.0,pga,8820.0,CUT,TPC Twin Cities,883.0,71.0,10.0,13:05:00.000,72.0,-2.313,0.42,0.45,-1.66,-0.79,-3.103,276.7,0.571,0.611,0.833,98.436,26.631,3.0,5.0,1.0,0.0,14.0,3.0,0.0,26653.0,T39,13:05:00.000,70.0,-0.777,0.516,-1.619,0.777,-0.326,-1.103,294.1,0.643,0.667,0.714,57.603,26.836,3.0,2.0,0.0,2.0,15.0,1.0,0.0,28469.0,CUT,13:05:00.000,73.0,-3.893,0.0,-1.342,1.132,-0.21,-4.103,295.7,0.786,0.722,0.429,48.374,24.471,1.0,3.0,0.0,2.0,13.0,2.0,1.0,45.1772759150365,-93.21330371989598,2025-07-24,13:05:00,80.0,82.4,65.0,67.2,0.0,0.0,,7.4,18.3,325.0,1015.2,9.9,62.2,Partially cloudy,partly-cloudy-day,13:00:00,1753380000.0
R1 3-Ball,Ties settled by dead-heat rules,22JUL25:14:30:00,24JUL25:06:30:00,15556.0,17786.0,28635.0,"hughes, mackenzie","davis, cam","mccarty, matt",2.6,2.6,2.9,2.9,2.6,2.6,1.0,0.0,0.0,win,loss,loss,draftkings,2025-07-27,3M Open,2025,2025,525,,1.0,pga,15556.0,T53,TPC Twin Cities,883.0,71.0,10.0,12:54:00.000,66.0,2.088,-0.273,1.213,-0.131,0.809,2.897,288.3,0.571,0.778,0.833,30.31,25.831,3.0,2.0,0.0,6.0,11.0,1.0,0.0,17786.0,CUT,12:54:00.000,71.0,-0.337,-1.541,-0.025,-0.2,-1.766,-2.103,293.8,0.5,0.667,0.667,51.06,23.605,2.0,5.0,0.0,3.0,12.0,3.0,0.0,28635.0,T68,12:54:00.000,67.0,-1.831,1.529,1.21,0.989,3.728,1.897,297.6,0.714,0.833,0.75,34.929,20.562,3.0,5.0,0.0,5.0,12.0,1.0,0.0,45.1772759150365,-93.21330371989598,2025-07-24,12:54:00,80.0,82.4,65.0,67.2,0.0,0.0,,7.4,18.3,325.0,1015.2,9.9,62.2,Partially cloudy,partly-cloudy-day,13:00:00,1753380000.0
R1 3-Ball,Ties settled by dead-heat rules,22JUL25:14:30:00,24JUL25:06:30:00,17488.0,17550.0,24766.0,"im, sungjae","van rooyen, erik","kim, tom",2.4,2.4,2.9,2.9,2.9,2.9,0.0,0.0,1.0,loss,loss,win,draftkings,2025-07-27,3M Open,2025,2025,525,,1.0,pga,17488.0,CUT,TPC Twin Cities,883.0,71.0,10.0,7:40:00.000,71.0,-2.162,1.264,-1.896,0.691,0.059,-2.103,286.4,0.786,0.611,0.571,45.945,27.224,2.0,8.0,0.0,3.0,12.0,3.0,0.0,17550.0,CUT,7:40:00.000,75.0,-3.59,-0.809,-1.574,-0.13,-2.513,-6.103,293.4,0.571,0.722,0.167,54.584,21.806,4.0,10.0,0.0,2.0,11.0,4.0,1.0,24766.0,T28,7:40:00.000,68.0,0.825,0.664,-0.661,0.069,0.072,0.897,278.6,0.786,0.722,0.667,33.932,28.064,2.0,2.0,0.0,5.0,11.0,2.0,0.0,45.1772759150365,-93.21330371989598,2025-07-24,07:40:00,71.4,71.4,92.25,69.1,0.0,0.0,,7.3,12.1,344.0,1014.1,9.9,87.9,Partially cloudy,partly-cloudy-day,08:00:00,1753362000.0
R1 3-Ball,Ties settled by dead-heat rules,22JUL25:14:30:00,24JUL25:06:30:00,11657.0,14967.0,15004.0,"norlander, henrik","hadley, chesson","kim, chan",2.55,2.55,3.05,3.05,2.55,2.55,1.0,0.0,0.0,win,loss,loss,draftkings,2025-07-27,3M Open,2025,2025,525,,1.0,pga,11657.0,T72,TPC Twin Cities,883.0,71.0,1.0,13:38:00.000,67.0,-1.463,0.245,2.622,0.493,3.36,1.897,286.9,0.714,0.833,0.75,30.607,24.064,3.0,2.0,1.0,3.0,13.0,1.0,0.0,14967.0,CUT,13:38:00.000,72.0,-0.636,-1.692,-1.248,0.473,-2.467,-3.103,293.2,0.786,0.556,0.5,63.814,24.862,2.0,3.0,0.0,1.0,15.0,2.0,0.0,15004.0,CUT,13:38:00.000,69.0,-0.881,0.281,0.762,-0.265,0.778,-0.103,293.0,0.643,0.778,0.8,38.543,22.858,2.0,3.0,0.0,5.0,11.0,1.0,1.0,45.1772759150365,-93.21330371989598,2025-07-24,13:38:00,82.2,83.8,54.99,64.5,0.0,0.0,,8.0,17.2,354.0,1016.2,9.9,7.5,Clear,clear-day,14:00:00,1753383600.0
R1 3-Ball,Ties settled by dead-heat rules,22JUL25:14:30:00,24JUL25:06:30:00,11451.0,13965.0,14609.0,"garnett, brice","hadwin, adam","kim, si woo",3.1,3.1,3.4,3.4,2.05,2.05,0.5,0.5,0.0,dead-heat: 1 for 2,dead-heat: 1 for 2,loss,draftkings,2025-07-27,3M Open,2025,2025,525,,1.0,pga,11451.0,T57,TPC Twin Cities,883.0,71.0,10.0,8:02:00.000,66.0,3.016,0.194,-0.514,0.201,-0.119,2.897,279.3,0.786,0.833,1.0,36.412,25.889,4.0,1.0,0.0,5.0,13.0,0.0,0.0,13965.0,T44,8:02:00.000,66.0,1.662,0.336,0.545,0.354,1.235,2.897,299.0,0.786,0.889,1.0,40.64,24.847,3.0,1.0,0.0,6.0,11.0,1.0,0.0,14609.0,CUT,8:02:00.000,70.0,-0.213,0.639,-0.836,-0.693,-0.89,-1.103,286.5,0.714,0.611,0.857,79.151,21.667,3.0,9.0,0.0,4.0,11.0,3.0,0.0,45.1772759150365,-93.21330371989598,2025-07-24,08:02:00,71.4,71.4,92.25,69.1,0.0,0.0,,7.3,12.1,344.0,1014.1,9.9,87.9,Partially cloudy,partly-cloudy-day,08:00:00,1753362000.0
R1 3-Ball,Ties settled by dead-heat rules,22JUL25:14:30:00,24JUL25:06:30:00,11328.0,17381.0,23656.0,"kisner, kevin","silverman, ben","young, carson",3.15,3.15,2.65,2.65,2.4,2.4,0.0,1.0,0.0,loss,win,loss,draftkings,2025-07-27,3M Open,2025,2025,525,,1.0,pga,11328.0,T28,TPC Twin Cities,883.0,71.0,10.0,6:45:00.000,67.0,2.87,0.216,-1.359,0.17,-0.973,1.897,274.6,0.857,0.667,0.714,81.363,31.888,5.0,5.0,0.0,7.0,8.0,3.0,0.0,17381.0,T61,6:45:00.000,66.0,2.809,-0.448,0.466,0.07,0.088,2.897,290.2,0.786,0.722,0.75,54.075,19.56,4.0,2.0,0.0,6.0,11.0,1.0,0.0,23656.0,T28,6:45:00.000,72.0,-3.589,0.627,-0.881,0.74,0.486,-3.103,284.6,0.857,0.944,1.0,43.743,25.641,0.0,5.0,0.0,1.0,15.0,2.0,0.0,45.1772759150365,-93.21330371989598,2025-07-24,06:45:00,69.8,69.8,99.67,69.7,0.005,100.0,rain,0.5,10.1,358.0,1014.5,9.9,45.7,"Rain, Partially cloudy",rain,07:00:00,1753358400.0
R1 3-Ball,Ties settled by dead-heat rules,22JUL25:14:30:00,24JUL25:06:30:00,11049.0,17365.0,27183.0,"simpson, webb","mitchell, keith","salinda, isaiah",2.85,2.85,2.25,2.25,3.15,3.15,0.0,0.5,0.5,loss,dead-heat: 1 for 2,dead-heat: 1 for 2,draftkings,2025-07-27,3M Open,2025,2025,525,,1.0,pga,11049.0,CUT,TPC Twin Cities,883.0,71.0,1.0,12:21:00.000,69.0,-0.692,-0.551,1.204,-0.064,0.589,-0.103,287.8,0.5,0.833,0.333,81.821,20.167,3.0,4.0,0.0,5.0,10.0,3.0,0.0,17365.0,CUT,12:21:00.000,68.0,-0.762,-1.09,2.531,0.218,1.659,0.897,304.8,0.643,0.833,0.333,16.909,22.944,3.0,5.0,0.0,6.0,9.0,3.0,0.0,27183.0,T53,12:21:00.000,68.0,-0.387,-0.916,0.782,1.418,1.284,0.897,299.9,0.786,0.778,0.4,14.908,23.641,2.0,3.0,0.0,6.0,9.0,3.0,0.0,45.1772759150365,-93.21330371989598,2025-07-24,12:21:00,77.6,77.6,70.03,67.1,0.0,0.0,,5.8,14.5,351.0,1015.2,9.9,89.0,Partially cloudy,partly-cloudy-day,12:00:00,1753376400.0
R1 3-Ball,Ties settled by dead-heat rules,22JUL25:14:30:00,24JUL25:06:30:00,10943.0,15980.0,25908.0,"lashley, nate","lipsky, david","whaley, vince",3.25,3.25,2.85,2.85,2.25,2.25,0.5,0.0,0.5,dead-heat: 1 for 2,loss,dead-heat: 1 for 2,draftkings,2025-07-27,3M Open,2025,2025,525,,1.0,pga,10943.0,T28,TPC Twin Cities,883.0,71.0,1.0,6:45:00.000,67.0,0.489,-0.653,1.176,0.885,1.408,1.897,286.4,0.857,0.889,0.75,18.964,20.989,3.0,3.0,0.0,4.0,14.0,0.0,0.0,15980.0,T3,6:45:00.000,68.0,0.319,-0.318,2.49,-1.594,0.578,0.897,280.3,0.643,0.778,0.75,13.987,24.42,4.0,5.0,0.0,6.0,9.0,3.0,0.0,25908.0,T57,6:45:00.000,67.0,0.023,-0.942,2.171,0.645,1.874,1.897,296.1,0.571,0.833,0.6,16.283,29.591,3.0,2.0,1.0,4.0,12.0,0.0,1.0,45.1772759150365,-93.21330371989598,2025-07-24,06:45:00,69.8,69.8,99.67,69.7,0.005,100.0,rain,0.5,10.1,358.0,1014.5,9.9,45.7,"Rain, Partially cloudy",rain,07:00:00,1753358400.0
R1 3-Ball,Ties settled by dead-heat rules,22JUL25:14:30:00,24JUL25:06:30:00,10873.0,16333.0,25363.0,"skinns, david","hubbard, mark","buckley, hayden",2.7,2.7,2.3,2.3,3.3,3.3,0.5,0.5,0.0,dead-heat: 1 for 2,dead-heat: 1 for 2,loss,draftkings,2025-07-27,3M Open,2025,2025,525,,1.0,pga,10873.0,T57,TPC Twin Cities,883.0,71.0,1.0,12:32:00.000,66.0,-0.273,-0.461,2.398,1.233,3.17,2.897,291.5,0.857,0.944,0.0,32.971,27.93,2.0,0.0,0.0,6.0,11.0,1.0,0.0,16333.0,T61,12:32:00.000,66.0,1.377,0.37,1.165,-0.015,1.52,2.897,287.5,0.857,0.667,0.833,43.153,22.019,7.0,2.0,0.0,5.0,13.0,0.0,0.0,25363.0,CUT,12:32:00.000,70.0,-0.724,-0.732,1.113,-0.76,-0.379,-1.103,295.3,0.5,0.722,0.4,60.962,20.506,2.0,5.0,0.0,4.0,11.0,3.0,0.0,45.1772759150365,-93.21330371989598,2025-07-24,12:32:00,80.0,82.4,65.0,67.2,0.0,0.0,,7.4,18.3,325.0,1015.2,9.9,62.2,Partially cloudy,partly-cloudy-day,13:00:00,1753380000.0
R1 3-Ball,Ties settled by dead-heat rules,22JUL25:14:30:00,24JUL25:06:30:00,10419.0,12920.0,14140.0,"noren, alex","willett, danny","higgs, harry",2.05,2.05,3.2,3.2,3.15,3.15,0.0,0.0,1.0,loss,loss,win,draftkings,2025-07-27,3M Open,2025,2025,525,,1.0,pga,10419.0,T7,TPC Twin Cities,883.0,71.0,1.0,6:56:00.000,70.0,1.941,0.358,-2.735,-0.667,-3.044,-1.103,281.8,0.714,0.5,0.75,87.134,30.793,3.0,4.0,0.0,4.0,11.0,3.0,0.0,12920.0,CUT,6:56:00.000,69.0,2.801,-0.381,-1.895,-0.628,-2.904,-0.103,282.5,0.5,0.611,0.5,49.779,23.479,5.0,5.0,0.0,6.0,9.0,2.0,1.0,14140.0,T25,6:56:00.000,68.0,-0.266,0.086,1.1,-0.023,1.163,0.897,290.3,0.5,0.833,0.75,36.979,21.572,3.0,2.0,0.0,5.0,11.0,2.0,0.0,45.1772759150365,-93.21330371989598,2025-07-24,06:56:00,69.8,69.8,99.67,69.7,0.005,100.0,rain,0.5,10.1,358.0,1014.5,9.9,45.7,"Rain, Partially cloudy",rain,07:00:00,1753358400.0
R1 3-Ball,Ties settled by dead-heat rules,22JUL25:14:30:00,24JUL25:06:30:00,11676.0,12965.0,17780.0,"finau, tony","fowler, rickie","pendrith, taylor",2.75,2.75,2.8,2.8,2.6,2.6,0.0,1.0,0.0,loss,win,loss,draftkings,2025-07-27,3M Open,2025,2025,525,,1.0,pga,11676.0,CUT,TPC Twin Cities,883.0,71.0,10.0,7:29:00.000,69.0,-0.996,0.645,-0.743,0.991,0.893,-0.103,289.3,0.786,0.833,0.8,32.84,29.893,3.0,2.0,0.0,3.0,14.0,1.0,0.0,12965.0,T28,7:29:00.000,65.0,0.956,0.402,1.421,1.118,2.941,3.897,282.7,0.929,0.778,1.0,,26.685,3.0,2.0,0.0,6.0,12.0,0.0,0.0,17780.0,T68,7:29:00.000,68.0,-0.479,-1.094,1.15,1.32,1.376,0.897,298.8,0.714,0.778,0.5,32.908,24.282,3.0,5.0,0.0,5.0,11.0,2.0,0.0,45.1772759150365,-93.21330371989598,2025-07-24,07:29:00,69.8,69.8,99.67,69.7,0.005,100.0,rain,0.5,10.1,358.0,1014.5,9.9,45.7,"Rain, Partially cloudy",rain,07:00:00,1753358400.0
R1 3-Ball,Ties settled by dead-heat rules,22JUL25:14:30:00,24JUL25:06:30:00,12423.0,18103.0,25157.0,"kirk, chris","bezuidenhout, chri","hodges, lee",2.9,2.9,2.6,2.6,2.6,2.6,1.0,0.0,0.0,win,loss,loss,draftkings,2025-07-27,3M Open,2025,2025,525,,1.0,pga,12423.0,T14,TPC Twin Cities,883.0,71.0,1.0,13:16:00.000,64.0,2.726,-0.121,1.219,1.073,2.171,4.897,290.7,0.714,0.889,1.0,49.337,21.108,4.0,0.0,1.0,5.0,12.0,0.0,0.0,18103.0,T20,13:16:00.000,71.0,1.732,-0.724,-2.561,-0.55,-3.835,-2.103,269.6,0.714,0.611,0.6,125.341,25.651,5.0,3.0,0.0,5.0,9.0,3.0,1.0,25157.0,CUT,13:16:00.000,68.0,0.61,0.252,-0.37,0.405,0.287,0.897,289.6,0.714,0.778,0.8,55.371,23.177,2.0,2.0,0.0,4.0,13.0,1.0,0.0,45.1772759150365,-93.21330371989598,2025-07-24,13:16:00,80.0,82.4,65.0,67.2,0.0,0.0,,7.4,18.3,325.0,1015.2,9.9,62.2,Partially cloudy,partly-cloudy-day,13:00:00,1753380000.0
R1 3-Ball,Ties settled by dead-heat rules,22JUL25:14:30:00,24JUL25:06:30:00,16715.0,23505.0,24550.0,"ryder, sam","mcgreevy, max","ghim, doug",2.9,2.9,2.7,2.7,2.5,2.5,0.0,0.0,1.0,loss,loss,win,draftkings,2025-07-27,3M Open,2025,2025,525,,1.0,pga,16715.0,T68,TPC Twin Cities,883.0,71.0,1.0,13:27:00.000,70.0,-1.044,-0.618,0.753,-0.194,-0.059,-1.103,285.4,0.714,0.667,0.333,55.616,23.462,4.0,5.0,1.0,4.0,8.0,5.0,0.0,23505.0,CUT,13:27:00.000,70.0,-3.087,0.991,-0.143,1.136,1.984,-1.103,290.5,0.571,0.556,0.75,51.84,23.955,3.0,6.0,0.0,4.0,11.0,3.0,0.0,24550.0,CUT,13:27:00.000,68.0,-0.991,0.194,0.418,1.276,1.888,0.897,296.8,0.714,0.722,0.8,43.639,21.823,1.0,2.0,0.0,4.0,13.0,1.0,0.0,45.1772759150365,-93.21330371989598,2025-07-24,13:27:00,80.0,82.4,65.0,67.2,0.0,0.0,,7.4,18.3,325.0,1015.2,9.9,62.2,Partially cloudy,partly-cloudy-day,13:00:00,1753380000.0
R1 3-Ball,Ties settled by dead-heat rules,22JUL25:14:30:00,24JUL25:06:30:00,16283.0,25569.0,28159.0,"rodgers, patrick","stevens, sam","meissner, mac",2.75,2.75,2.3,2.3,3.3,3.3,0.0,1.0,0.0,loss,win,loss,draftkings,2025-07-27,3M Open,2025,2025,525,,1.0,pga,16283.0,CUT,TPC Twin Cities,883.0,71.0,1.0,7:07:00.000,67.0,1.092,-0.615,2.999,-1.579,0.805,1.897,292.7,0.571,0.833,0.667,29.06,27.494,4.0,3.0,0.0,5.0,12.0,1.0,0.0,25569.0,2,7:07:00.000,62.0,1.91,3.091,-0.217,2.113,4.987,6.897,299.7,0.857,0.833,1.0,38.347,29.816,7.0,4.0,0.0,10.0,7.0,1.0,0.0,28159.0,T14,7:07:00.000,66.0,-0.7,0.073,3.007,0.517,3.597,2.897,288.1,0.714,0.889,0.5,51.574,22.228,5.0,2.0,0.0,6.0,11.0,1.0,0.0,45.1772759150365,-93.21330371989598,2025-07-24,07:07:00,69.8,69.8,99.67,69.7,0.005,100.0,rain,0.5,10.1,358.0,1014.5,9.9,45.7,"Rain, Partially cloudy",rain,07:00:00,1753358400.0
R1 3-Ball,Ties settled by dead-heat rules,22JUL25:14:30:00,24JUL25:06:30:00,15470.0,23465.0,27164.0,"hossler, beau","greyserman, max","phillips, chandler",2.75,2.75,2.15,2.15,3.45,3.45,0.0,1.0,0.0,loss,win,loss,draftkings,2025-07-27,3M Open,2025,2025,525,,1.0,pga,15470.0,CUT,TPC Twin Cities,883.0,71.0,10.0,7:07:00.000,74.0,-2.658,0.022,-0.677,-1.79,-2.445,-5.103,292.5,0.643,0.667,0.429,50.642,30.436,2.0,7.0,0.0,3.0,10.0,4.0,1.0,23465.0,CUT,7:07:00.000,69.0,-0.598,2.729,-2.536,0.302,0.495,-0.103,303.3,0.571,0.556,0.778,69.023,24.176,4.0,3.0,0.0,5.0,11.0,1.0,1.0,27164.0,CUT,7:07:00.000,72.0,-1.967,1.285,-1.731,-0.69,-1.136,-3.103,284.8,0.571,0.556,0.875,69.925,27.742,2.0,6.0,0.0,2.0,13.0,3.0,0.0,45.1772759150365,-93.21330371989598,2025-07-24,07:07:00,69.8,69.8,99.67,69.7,0.005,100.0,rain,0.5,10.1,358.0,1014.5,9.9,45.7,"Rain, Partially cloudy",rain,07:00:00,1753358400.0
R1 3-Ball,Ties settled by dead-heat rules,22JUL25:14:30:00,24JUL25:06:30:00,15330.0,23482.0,23542.0,"griffin, lanto","sigg, greyson","champ, cameron",3.25,3.2,3.0,2.95,2.15,2.15,0.0,1.0,0.0,loss,win,loss,draftkings,2025-07-27,3M Open,2025,2025,525,,1.0,pga,15330.0,CUT,TPC Twin Cities,883.0,71.0,10.0,6:56:00.000,70.0,-0.041,-0.876,-0.9,0.714,-1.062,-1.103,288.4,0.786,0.722,0.667,26.621,26.511,2.0,3.0,0.0,5.0,10.0,2.0,1.0,23482.0,T39,6:56:00.000,68.0,2.279,-0.585,-0.627,-0.17,-1.382,0.897,282.3,0.571,0.778,0.75,60.236,20.801,4.0,2.0,0.0,4.0,13.0,1.0,0.0,23542.0,T28,6:56:00.000,69.0,-1.399,0.133,-0.195,1.358,1.296,-0.103,304.5,0.714,0.722,0.667,37.838,25.346,5.0,3.0,1.0,2.0,13.0,2.0,0.0,45.1772759150365,-93.21330371989598,2025-07-24,06:56:00,69.8,69.8,99.67,69.7,0.005,100.0,rain,0.5,10.1,358.0,1014.5,9.9,45.7,"Rain, Partially cloudy",rain,07:00:00,1753358400.0
R1 3-Ball,Ties settled by dead-heat rules,22JUL25:14:30:00,24JUL25:06:30:00,14926.0,17881.0,19477.0,"malnati, peter","yu, kevin","schenk, adam",3.75,3.75,1.95,1.95,2.95,2.95,0.0,0.0,1.0,loss,loss,win,draftkings,2025-07-27,3M Open,2025,2025,525,,1.0,pga,14926.0,CUT,TPC Twin Cities,883.0,71.0,1.0,7:40:00.000,76.0,-1.341,-0.025,-2.832,-2.905,-5.762,-7.103,288.0,0.5,0.722,0.5,53.98,24.605,2.0,8.0,0.0,3.0,11.0,2.0,2.0,17881.0,CUT,7:40:00.000,72.0,-0.804,-1.996,-1.465,1.162,-2.299,-3.103,296.5,0.714,0.833,0.333,44.08,30.669,2.0,7.0,0.0,4.0,11.0,1.0,2.0,19477.0,CUT,7:40:00.000,69.0,-1.032,-1.049,1.0,0.978,0.929,-0.103,293.2,0.786,0.722,0.333,43.429,22.973,4.0,2.0,1.0,3.0,11.0,3.0,0.0,45.1772759150365,-93.21330371989598,2025-07-24,07:40:00,71.4,71.4,92.25,69.1,0.0,0.0,,7.3,12.1,344.0,1014.1,9.9,87.9,Partially cloudy,partly-cloudy-day,08:00:00,1753362000.0
R1 3-Ball,Ties settled by dead-heat rules,22JUL25:14:30:00,24JUL25:06:30:00,14509.0,20730.0,26660.0,"dahmen, joel","perez, victor","gordon, will",2.85,2.85,2.35,2.35,2.95,2.95,0.0,1.0,0.0,loss,win,loss,draftkings,2025-07-27,3M Open,2025,2025,525,,1.0,pga,14509.0,T39,TPC Twin Cities,883.0,71.0,10.0,13:38:00.000,67.0,-1.632,0.966,1.474,1.089,3.529,1.897,291.5,0.786,0.944,0.333,22.766,19.543,3.0,2.0,0.0,4.0,14.0,0.0,0.0,20730.0,T28,13:38:00.000,65.0,1.828,0.8,0.866,0.403,2.069,3.897,293.0,0.643,0.778,0.667,48.528,23.026,3.0,1.0,0.0,7.0,10.0,1.0,0.0,26660.0,CUT,13:38:00.000,72.0,-1.583,-0.194,-1.288,-0.038,-1.52,-3.103,294.1,0.571,0.778,0.25,64.614,24.968,3.0,7.0,0.0,3.0,11.0,4.0,0.0,45.1772759150365,-93.21330371989598,2025-07-24,13:38:00,82.2,83.8,54.99,64.5,0.0,0.0,,8.0,17.2,354.0,1016.2,9.9,7.5,Clear,clear-day,14:00:00,1753383600.0
R1 3-Ball,Ties settled by dead-heat rules,22JUL25:14:30:00,24JUL25:06:30:00,13997.0,15575.0,21891.0,"svensson, adam","hoge, tom","kitayama, kurt",3.45,3.45,2.7,2.7,2.25,2.25,1.0,0.0,0.0,win,loss,loss,draftkings,2025-07-27,3M Open,2025,2025,525,,1.0,pga,13997.0,T14,TPC Twin Cities,883.0,71.0,1.0,7:29:00.000,60.0,4.882,1.69,1.924,0.401,4.015,8.897,283.0,0.786,0.889,1.0,46.597,20.809,8.0,0.0,1.0,9.0,8.0,0.0,0.0,15575.0,CUT,7:29:00.000,74.0,-1.795,-0.694,-1.961,-0.653,-3.308,-5.103,285.9,0.643,0.556,0.5,34.892,27.08,2.0,8.0,0.0,2.0,11.0,5.0,0.0,21891.0,1,7:29:00.000,65.0,0.398,0.183,1.628,1.688,3.499,3.897,298.9,0.857,0.778,0.714,20.821,22.012,6.0,3.0,0.0,7.0,10.0,1.0,0.0,45.1772759150365,-93.21330371989598,2025-07-24,07:29:00,69.8,69.8,99.67,69.7,0.005,100.0,rain,0.5,10.1,358.0,1014.5,9.9,45.7,"Rain, Partially cloudy",rain,07:00:00,1753358400.0
R1 3-Ball,Ties settled by dead-heat rules,22JUL25:14:30:00,24JUL25:06:30:00,13508.0,15310.0,19483.0,"vegas, jhonattan","li, haotong","burns, sam",3.2,3.2,3.1,3.1,2.15,2.15,1.0,0.0,0.0,win,loss,loss,draftkings,2025-07-27,3M Open,2025,2025,525,,1.0,pga,13508.0,T44,TPC Twin Cities,883.0,71.0,1.0,12:54:00.000,68.0,0.261,-0.198,0.802,0.032,0.636,0.897,297.8,0.571,0.889,1.0,69.448,22.355,4.0,2.0,0.0,5.0,11.0,2.0,0.0,15310.0,CUT,12:54:00.000,70.0,2.327,-0.04,-2.704,-0.686,-3.43,-1.103,290.6,0.571,0.722,0.75,48.512,23.174,4.0,6.0,0.0,5.0,11.0,1.0,1.0,19483.0,T61,12:54:00.000,71.0,-1.257,0.794,-2.682,1.042,-0.846,-2.103,296.2,0.714,0.667,0.667,115.555,24.113,3.0,3.0,0.0,2.0,14.0,2.0,0.0,45.1772759150365,-93.21330371989598,2025-07-24,12:54:00,80.0,82.4,65.0,67.2,0.0,0.0,,7.4,18.3,325.0,1015.2,9.9,62.2,Partially cloudy,partly-cloudy-day,13:00:00,1753380000.0
R1 3-Ball,Ties settled by dead-heat rules,22JUL25:14:30:00,24JUL25:06:30:00,13412.0,14704.0,18424.0,"olesen, thorbjorn","putnam, andrew","roy, kevin",2.75,2.75,2.6,2.6,2.75,2.75,1.0,0.0,0.0,win,loss,loss,draftkings,2025-07-27,3M Open,2025,2025,525,,1.0,pga,13412.0,T14,TPC Twin Cities,883.0,71.0,1.0,12:10:00.000,62.0,2.843,0.82,2.207,1.027,4.054,6.897,292.8,0.786,0.778,1.0,34.436,22.384,6.0,2.0,0.0,10.0,7.0,1.0,0.0,14704.0,CUT,12:10:00.000,70.0,1.344,-0.174,-1.312,-0.961,-2.447,-1.103,271.0,0.786,0.722,1.0,22.748,25.745,2.0,5.0,0.0,3.0,14.0,0.0,1.0,18424.0,T28,12:10:00.000,68.0,0.558,-0.238,0.166,0.411,0.339,0.897,294.3,0.429,0.722,0.5,74.144,20.355,6.0,2.0,0.0,5.0,11.0,2.0,0.0,45.1772759150365,-93.21330371989598,2025-07-24,12:10:00,77.6,77.6,70.03,67.1,0.0,0.0,,5.8,14.5,351.0,1015.2,9.9,89.0,Partially cloudy,partly-cloudy-day,12:00:00,1753376400.0
R1 3-Ball,Ties settled by dead-heat rules,22JUL25:14:30:00,24JUL25:06:30:00,12909.0,13470.0,21944.0,"campos, rafael","kizzire, patton","moore, taylor",3.8,3.8,3.0,3.0,1.95,1.95,0.0,0.0,1.0,loss,loss,win,draftkings,2025-07-27,3M Open,2025,2025,525,,1.0,pga,12909.0,CUT,TPC Twin Cities,883.0,71.0,1.0,7:51:00.000,68.0,-0.817,-0.017,2.585,-0.854,1.714,0.897,286.7,0.429,0.833,0.6,27.049,24.659,4.0,2.0,0.0,3.0,15.0,0.0,0.0,13470.0,CUT,7:51:00.000,69.0,-0.503,2.861,-2.251,-0.21,0.4,-0.103,282.5,0.571,0.611,1.0,93.007,28.588,6.0,7.0,0.0,5.0,10.0,3.0,0.0,21944.0,T14,7:51:00.000,66.0,-0.194,1.351,0.85,0.89,3.091,2.897,293.1,0.714,0.667,0.75,93.202,26.783,6.0,3.0,1.0,4.0,12.0,1.0,0.0,45.1772759150365,-93.21330371989598,2025-07-24,07:51:00,71.4,71.4,92.25,69.1,0.0,0.0,,7.3,12.1,344.0,1014.1,9.9,87.9,Partially cloudy,partly-cloudy-day,08:00:00,1753362000.0
R1 3-Ball,Ties settled by dead-heat rules,22JUL25:14:30:00,24JUL25:06:30:00,12577.0,27364.0,28270.0,"woodland, gary","thompson, davis","dunlap, nick",2.65,2.65,2.15,2.15,3.8,3.8,1.0,0.0,0.0,win,loss,loss,draftkings,2025-07-27,3M Open,2025,2025,525,,1.0,pga,12577.0,T20,TPC Twin Cities,883.0,71.0,10.0,7:51:00.000,67.0,-0.453,0.599,0.722,1.029,2.35,1.897,295.3,0.714,0.778,1.0,45.532,24.858,2.0,2.0,0.0,4.0,14.0,0.0,0.0,27364.0,CUT,7:51:00.000,69.0,0.251,-1.207,0.478,0.375,-0.354,-0.103,287.8,0.857,0.722,0.5,64.447,24.092,4.0,3.0,1.0,3.0,11.0,3.0,0.0,28270.0,CUT,7:51:00.000,74.0,0.299,-0.666,-0.285,-4.451,-5.402,-5.103,296.9,0.429,0.778,0.667,24.555,26.859,2.0,4.0,0.0,2.0,12.0,3.0,1.0,45.1772759150365,-93.21330371989598,2025-07-24,07:51:00,71.4,71.4,92.25,69.1,0.0,0.0,,7.3,12.1,344.0,1014.1,9.9,87.9,Partially cloudy,partly-cloudy-day,08:00:00,1753362000.0
R1 3-Ball,Ties settled by dead-heat rules,22JUL25:14:30:00,24JUL25:06:30:00,17538.0,18634.0,23014.0,"homa, max","mcnealy, maverick","theegala, sahith",2.75,2.8,2.2,2.2,3.35,3.4,1.0,0.0,0.0,win,loss,loss,draftkings,2025-07-27,3M Open,2025,2025,525,,1.0,pga,17538.0,T39,TPC Twin Cities,883.0,71.0,10.0,7:18:00.000,66.0,-0.879,0.035,2.225,1.516,3.776,2.897,296.2,0.786,1.0,0.0,28.888,22.744,3.0,2.0,0.0,5.0,13.0,0.0,0.0,18634.0,CUT,7:18:00.000,71.0,-0.248,-0.386,-0.46,-1.009,-1.855,-2.103,289.2,0.571,0.556,0.5,79.598,28.75,4.0,6.0,1.0,2.0,11.0,4.0,0.0,23014.0,CUT,7:18:00.000,72.0,-2.385,0.926,-1.193,-0.451,-0.718,-3.103,289.7,0.5,0.722,0.8,58.673,19.025,3.0,6.0,0.0,1.0,15.0,2.0,0.0,45.1772759150365,-93.21330371989598,2025-07-24,07:18:00,69.8,69.8,99.67,69.7,0.005,100.0,rain,0.5,10.1,358.0,1014.5,9.9,45.7,"Rain, Partially cloudy",rain,07:00:00,1753358400.0
R2 3-Ball,Ties settled by dead-heat rules,24JUL25:21:30:00,25JUL25:09:30:00,10943.0,15980.0,25908.0,"lashley, nate","lipsky, david","whaley, vince",3.25,3.25,2.85,2.85,2.25,2.25,1.0,0.0,0.0,win,loss,loss,draftkings,2025-07-27,3M Open,2025,2025,525,,2.0,pga,10943.0,T28,TPC Twin Cities,883.0,71.0,10.0,12:10:00.000,66.0,-0.073,0.508,1.717,0.97,3.195,3.123,295.8,0.786,0.833,0.6,27.817,27.036,2.0,2.0,0.0,7.0,9.0,2.0,0.0,15980.0,T3,12:10:00.000,68.0,0.131,0.87,-0.702,0.823,0.991,1.123,292.2,0.786,0.833,0.8,30.234,31.716,4.0,5.0,0.0,5.0,11.0,2.0,0.0,25908.0,T57,12:10:00.000,70.0,-1.104,0.048,0.178,0.0,0.226,-0.877,297.6,0.357,0.667,0.833,38.819,29.165,2.0,3.0,0.0,3.0,13.0,2.0,0.0,45.1772759150365,-93.21330371989598,2025-07-25,12:10:00,82.1,83.8,55.62,64.7,0.0,0.0,,7.3,15.2,159.0,1017.2,5.1,2.6,Clear,clear-day,12:00:00,1753462800.0
R2 3-Ball,Ties settled by dead-heat rules,24JUL25:21:30:00,25JUL25:09:30:00,11451.0,13965.0,14609.0,"garnett, brice","hadwin, adam","kim, si woo",3.1,3.1,3.4,3.4,2.05,2.05,0.5,0.0,0.5,dead-heat: 1 for 2,loss,dead-heat: 1 for 2,draftkings,2025-07-27,3M Open,2025,2025,525,,2.0,pga,11451.0,T57,TPC Twin Cities,883.0,71.0,1.0,13:27:00.000,70.0,0.858,-1.442,-0.91,0.616,-1.736,-0.877,276.4,0.929,0.778,0.6,56.491,31.326,2.0,1.0,0.0,3.0,13.0,2.0,0.0,13965.0,T44,13:27:00.000,71.0,2.442,-1.339,-2.226,-0.755,-4.32,-1.877,297.2,0.429,0.611,0.75,58.035,32.827,3.0,6.0,0.0,3.0,12.0,3.0,0.0,14609.0,CUT,13:27:00.000,70.0,-0.44,-0.252,-0.085,-0.101,-0.438,-0.877,288.2,0.643,0.667,1.0,167.134,20.391,2.0,3.0,0.0,3.0,13.0,2.0,0.0,45.1772759150365,-93.21330371989598,2025-07-25,13:27:00,83.0,84.5,53.12,64.2,0.0,0.0,,6.6,15.7,140.0,1016.6,5.4,2.6,Clear,clear-day,13:00:00,1753466400.0
R2 3-Ball,Ties settled by dead-heat rules,24JUL25:21:30:00,25JUL25:09:30:00,11328.0,17381.0,23656.0,"kisner, kevin","silverman, ben","young, carson",3.15,3.15,2.65,2.65,2.4,2.4,0.0,0.0,1.0,loss,loss,win,draftkings,2025-07-27,3M Open,2025,2025,525,,2.0,pga,11328.0,T28,TPC Twin Cities,883.0,71.0,1.0,12:10:00.000,69.0,2.618,-0.984,-0.837,-0.675,-2.496,0.123,278.5,0.5,0.5,0.8,31.847,39.774,6.0,3.0,0.0,4.0,13.0,0.0,1.0,17381.0,T61,12:10:00.000,69.0,-1.01,0.384,0.097,0.651,1.132,0.123,290.1,0.714,0.778,0.8,41.078,27.548,4.0,4.0,0.0,4.0,12.0,2.0,0.0,23656.0,T28,12:10:00.000,65.0,2.404,-0.105,1.406,0.417,1.718,4.123,292.9,0.714,0.944,1.0,73.885,21.958,4.0,0.0,0.0,7.0,10.0,1.0,0.0,45.1772759150365,-93.21330371989598,2025-07-25,12:10:00,82.1,83.8,55.62,64.7,0.0,0.0,,7.3,15.2,159.0,1017.2,5.1,2.6,Clear,clear-day,12:00:00,1753462800.0
R2 3-Ball,Ties settled by dead-heat rules,24JUL25:21:30:00,25JUL25:07:30:00,11049.0,17365.0,27183.0,"simpson, webb","mitchell, keith","salinda, isaiah",2.9,2.9,2.25,2.25,3.2,3.2,0.0,0.0,1.0,loss,loss,win,draftkings,2025-07-27,3M Open,2025,2025,525,,2.0,pga,11049.0,CUT,TPC Twin Cities,883.0,71.0,10.0,6:56:00.000,70.0,-4.242,0.306,2.111,0.947,3.364,-0.877,296.1,0.714,0.889,0.667,45.935,21.283,3.0,3.0,0.0,3.0,13.0,2.0,0.0,17365.0,CUT,6:56:00.000,71.0,-1.557,0.006,0.748,-1.075,-0.321,-1.877,305.4,0.714,0.889,1.0,29.541,23.644,2.0,8.0,0.0,5.0,10.0,2.0,1.0,27183.0,T53,6:56:00.000,68.0,-1.057,1.178,-0.409,1.41,2.179,1.123,290.5,0.857,0.722,1.0,99.507,30.042,3.0,2.0,0.0,5.0,11.0,2.0,0.0,45.1772759150365,-93.21330371989598,2025-07-25,06:56:00,64.4,64.4,99.67,64.3,0.0,0.0,,0.0,5.6,0.0,1017.9,2.5,0.0,Clear,clear-day,07:00:00,1753444800.0
R2 3-Ball,Ties settled by dead-heat rules,24JUL25:21:30:00,25JUL25:07:30:00,14509.0,20730.0,26660.0,"dahmen, joel","perez, victor","gordon, will",2.85,2.85,2.35,2.35,3.0,3.0,1.0,0.0,0.0,win,loss,loss,draftkings,2025-07-27,3M Open,2025,2025,525,,2.0,pga,14509.0,T39,TPC Twin Cities,883.0,71.0,1.0,8:13:00.000,65.0,3.934,-0.021,0.013,0.196,0.188,4.123,290.3,0.786,0.722,0.857,40.331,32.544,5.0,4.0,0.0,6.0,12.0,0.0,0.0,20730.0,T28,8:13:00.000,69.0,-1.38,0.887,1.759,-1.144,1.502,0.123,293.2,0.643,0.778,0.8,26.503,25.537,4.0,2.0,0.0,3.0,14.0,1.0,0.0,26660.0,CUT,8:13:00.000,70.0,-0.434,1.229,-2.374,0.701,-0.444,-0.877,286.9,0.643,0.611,0.875,53.726,25.762,3.0,3.0,1.0,2.0,12.0,3.0,0.0,45.1772759150365,-93.21330371989598,2025-07-25,08:13:00,71.4,71.4,98.7,71.1,0.0,0.0,,0.0,8.3,1.0,1018.2,3.1,0.2,Clear,clear-day,08:00:00,1753448400.0
R2 3-Ball,Ties settled by dead-heat rules,24JUL25:21:30:00,25JUL25:09:30:00,6252.0,18474.0,21756.0,"baddeley, aaron","smalley, alex","cole, eric",4.5,4.5,2.05,2.05,2.5,2.5,0.0,0.0,1.0,loss,loss,win,draftkings,2025-07-27,3M Open,2025,2025,525,,2.0,pga,6252.0,CUT,TPC Twin Cities,883.0,71.0,10.0,13:38:00.000,73.0,-0.461,-0.604,-1.931,-0.882,-3.417,-3.877,278.7,0.5,0.611,0.4,57.943,27.277,2.0,4.0,0.0,3.0,11.0,3.0,1.0,18474.0,T44,13:38:00.000,66.0,-0.55,1.047,1.611,1.014,3.672,3.123,300.1,0.786,0.722,0.8,100.318,22.905,7.0,6.0,1.0,7.0,8.0,0.0,2.0,21756.0,CUT,13:38:00.000,65.0,2.567,-1.432,1.8,1.187,1.555,4.123,298.9,0.643,0.778,0.571,33.369,25.967,4.0,1.0,0.0,8.0,8.0,2.0,0.0,45.1772759150365,-93.21330371989598,2025-07-25,13:38:00,84.0,85.5,51.69,64.4,0.0,0.0,,6.0,15.2,131.0,1016.8,5.0,6.1,Clear,clear-day,14:00:00,1753470000.0
R2 3-Ball,Ties settled by dead-heat rules,24JUL25:21:30:00,25JUL25:07:30:00,20722.0,23504.0,25003.0,"schmid, matti","hoey, rico","walker, danny",2.6,2.6,2.3,2.3,3.5,3.5,0.0,1.0,0.0,loss,win,loss,draftkings,2025-07-27,3M Open,2025,2025,525,,2.0,pga,20722.0,T61,TPC Twin Cities,883.0,71.0,1.0,6:45:00.000,68.0,0.015,-1.129,1.843,0.393,1.107,1.123,302.0,0.571,0.833,0.4,64.316,20.886,2.0,3.0,0.0,6.0,9.0,3.0,0.0,23504.0,T57,6:45:00.000,65.0,1.651,-0.55,1.057,1.964,2.471,4.123,301.7,0.929,0.889,0.333,19.05,28.254,5.0,4.0,1.0,6.0,9.0,2.0,0.0,25003.0,CUT,6:45:00.000,73.0,0.896,-2.132,-2.791,0.149,-4.774,-3.877,297.3,0.571,0.667,0.429,15.92,31.912,3.0,7.0,0.0,6.0,7.0,4.0,1.0,45.1772759150365,-93.21330371989598,2025-07-25,06:45:00,64.4,64.4,99.67,64.3,0.0,0.0,,0.0,5.6,0.0,1017.9,2.5,0.0,Clear,clear-day,07:00:00,1753444800.0
R2 3-Ball,Ties settled by dead-heat rules,24JUL25:21:30:00,25JUL25:07:30:00,19872.0,19960.0,24304.0,"riley, davis","pavon, matthieu","vilips, karl",2.4,2.4,2.9,2.9,2.9,2.9,0.5,0.5,0.0,dead-heat: 1 for 2,dead-heat: 1 for 2,loss,draftkings,2025-07-27,3M Open,2025,2025,525,,2.0,pga,19872.0,CUT,TPC Twin Cities,883.0,71.0,1.0,7:51:00.000,68.0,2.291,0.684,-1.284,-0.569,-1.169,1.123,293.4,0.5,0.667,0.714,53.966,31.664,7.0,7.0,0.0,6.0,9.0,3.0,0.0,19960.0,T44,7:51:00.000,68.0,0.328,-0.517,0.876,0.435,0.794,1.123,287.4,0.643,0.833,0.75,28.451,26.14,3.0,2.0,1.0,2.0,14.0,1.0,0.0,24304.0,CUT,7:51:00.000,71.0,1.935,-1.242,-1.119,-1.452,-3.813,-1.877,286.6,0.643,0.611,0.833,59.62,34.087,1.0,6.0,0.0,3.0,13.0,1.0,1.0,45.1772759150365,-93.21330371989598,2025-07-25,07:51:00,71.4,71.4,98.7,71.1,0.0,0.0,,0.0,8.3,1.0,1018.2,3.1,0.2,Clear,clear-day,08:00:00,1753448400.0
R2 3-Ball,Ties settled by dead-heat rules,24JUL25:21:30:00,25JUL25:07:30:00,19865.0,20706.0,24342.0,"hardy, nick","wallace, matt","higgo, garrick",3.05,3.05,2.25,2.25,2.95,2.95,0.0,0.5,0.5,loss,dead-heat: 1 for 2,dead-heat: 1 for 2,draftkings,2025-07-27,3M Open,2025,2025,525,,2.0,pga,19865.0,T28,TPC Twin Cities,883.0,71.0,1.0,7:18:00.000,70.0,-0.997,-0.301,2.592,-2.172,0.119,-0.877,291.7,0.643,0.889,0.0,49.392,24.693,4.0,7.0,0.0,4.0,12.0,1.0,1.0,20706.0,T3,7:18:00.000,67.0,1.468,0.693,-0.631,0.592,0.654,2.123,294.4,0.643,0.778,0.6,31.424,32.722,3.0,1.0,1.0,4.0,11.0,2.0,0.0,24342.0,T39,7:18:00.000,67.0,1.331,0.526,1.164,-0.899,0.791,2.123,300.3,0.571,0.889,0.667,31.971,22.349,7.0,4.0,0.0,8.0,8.0,0.0,2.0,45.1772759150365,-93.21330371989598,2025-07-25,07:18:00,64.4,64.4,99.67,64.3,0.0,0.0,,0.0,5.6,0.0,1017.9,2.5,0.0,Clear,clear-day,07:00:00,1753444800.0
R2 3-Ball,Ties settled by dead-heat rules,24JUL25:21:30:00,25JUL25:09:30:00,19840.0,22760.0,26649.0,"ramey, chad","hisatsune, ryo","thorbjornsen, michael",2.95,3.0,2.85,2.8,2.35,2.4,0.3333333333,0.3333333333,0.3333333333,dead-heat: 1 for 3,dead-heat: 1 for 3,dead-heat: 1 for 3,draftkings,2025-07-27,3M Open,2025,2025,525,,2.0,pga,19840.0,T28,TPC Twin Cities,883.0,71.0,1.0,13:38:00.000,69.0,0.072,0.995,-0.207,-0.738,0.05,0.123,286.3,0.643,0.722,0.875,34.46,30.314,3.0,3.0,0.0,4.0,12.0,2.0,0.0,22760.0,CUT,13:38:00.000,69.0,-2.271,-0.795,2.158,1.03,2.393,0.123,294.7,0.786,0.833,0.0,114.784,22.582,5.0,6.0,0.0,6.0,9.0,2.0,1.0,26649.0,CUT,13:38:00.000,69.0,1.042,0.347,-0.239,-1.028,-0.92,0.123,289.9,0.5,0.667,0.875,39.336,34.393,1.0,3.0,1.0,2.0,13.0,2.0,0.0,45.1772759150365,-93.21330371989598,2025-07-25,13:38:00,84.0,85.5,51.69,64.4,0.0,0.0,,6.0,15.2,131.0,1016.8,5.0,6.1,Clear,clear-day,14:00:00,1753470000.0
R2 3-Ball,Ties settled by dead-heat rules,24JUL25:21:30:00,25JUL25:07:30:00,19396.0,26096.0,29770.0,"knapp, jake","bhatia, akshay","mouw, william",2.4,2.4,2.4,2.4,3.55,3.55,1.0,0.0,0.0,win,loss,loss,draftkings,2025-07-27,3M Open,2025,2025,525,,2.0,pga,19396.0,T3,TPC Twin Cities,883.0,71.0,10.0,7:40:00.000,65.0,0.546,0.773,1.495,1.308,3.576,4.123,299.4,0.786,0.944,1.0,30.981,19.883,5.0,3.0,0.0,6.0,12.0,0.0,0.0,26096.0,T25,7:40:00.000,66.0,1.492,0.297,1.382,-0.049,1.63,3.123,296.0,0.571,0.833,1.0,109.609,23.358,4.0,1.0,0.0,6.0,11.0,1.0,0.0,29770.0,T7,7:40:00.000,66.0,0.494,-0.014,1.553,1.089,2.628,3.123,288.7,0.857,0.778,0.833,12.353,33.587,5.0,3.0,0.0,6.0,11.0,1.0,0.0,45.1772759150365,-93.21330371989598,2025-07-25,07:40:00,71.4,71.4,98.7,71.1,0.0,0.0,,0.0,8.3,1.0,1018.2,3.1,0.2,Clear,clear-day,08:00:00,1753448400.0
R2 3-Ball,Ties settled by dead-heat rules,24JUL25:21:30:00,25JUL25:07:30:00,6430.0,23604.0,27774.0,"scott, adam","clark, wyndham","gotterup, chris",3.1,3.1,2.7,2.7,2.4,2.4,0.0,1.0,0.0,loss,win,loss,draftkings,2025-07-27,3M Open,2025,2025,525,,2.0,pga,6430.0,T53,TPC Twin Cities,883.0,71.0,10.0,7:18:00.000,67.0,1.073,-1.032,0.627,1.454,1.049,2.123,296.1,0.786,0.778,0.5,52.868,28.899,5.0,2.0,1.0,5.0,9.0,3.0,0.0,23604.0,T12,7:18:00.000,65.0,0.162,0.353,3.626,-0.019,3.96,4.123,298.9,0.5,0.889,1.0,71.097,15.697,5.0,2.0,1.0,5.0,11.0,1.0,0.0,27774.0,T10,7:18:00.000,69.0,-1.845,1.959,-1.647,1.655,1.967,0.123,306.1,0.714,0.667,0.75,87.357,29.362,5.0,4.0,0.0,4.0,12.0,2.0,0.0,45.1772759150365,-93.21330371989598,2025-07-25,07:18:00,64.4,64.4,99.67,64.3,0.0,0.0,,0.0,5.6,0.0,1017.9,2.5,0.0,Clear,clear-day,07:00:00,1753444800.0
R2 3-Ball,Ties settled by dead-heat rules,24JUL25:21:30:00,25JUL25:07:30:00,17723.0,18761.0,25002.0,"lower, justin","mullinax, trey","wu, dylan",2.65,2.65,2.85,2.85,2.6,2.6,0.0,1.0,0.0,loss,win,loss,draftkings,2025-07-27,3M Open,2025,2025,525,,2.0,pga,17723.0,CUT,TPC Twin Cities,883.0,71.0,1.0,7:07:00.000,72.0,1.275,-0.268,-2.977,-0.908,-4.153,-2.877,275.4,0.643,0.556,0.833,61.936,27.038,4.0,4.0,0.0,4.0,9.0,5.0,0.0,18761.0,CUT,7:07:00.000,67.0,0.791,-0.423,1.895,-0.141,1.331,2.123,305.9,0.357,0.778,0.667,79.402,22.331,7.0,2.0,0.0,5.0,12.0,1.0,0.0,25002.0,DQ,7:07:00.000,71.0,0.476,-0.856,0.869,-2.367,-2.354,-1.877,288.4,0.571,0.722,0.2,22.806,33.45,4.0,4.0,0.0,6.0,7.0,4.0,1.0,45.1772759150365,-93.21330371989598,2025-07-25,07:07:00,64.4,64.4,99.67,64.3,0.0,0.0,,0.0,5.6,0.0,1017.9,2.5,0.0,Clear,clear-day,07:00:00,1753444800.0
R2 3-Ball,Ties settled by dead-heat rules,24JUL25:21:30:00,25JUL25:09:30:00,17538.0,18634.0,23014.0,"homa, max","mcnealy, maverick","theegala, sahith",2.75,2.8,2.2,2.2,3.35,3.4,0.5,0.0,0.5,dead-heat: 1 for 2,loss,dead-heat: 1 for 2,draftkings,2025-07-27,3M Open,2025,2025,525,,2.0,pga,17538.0,T39,TPC Twin Cities,883.0,71.0,1.0,12:43:00.000,68.0,0.219,0.441,-0.838,1.3,0.903,1.123,297.2,0.786,0.778,0.8,82.225,25.065,2.0,4.0,0.0,5.0,11.0,2.0,0.0,18634.0,CUT,12:43:00.000,71.0,-2.583,-0.524,-0.447,1.676,0.705,-1.877,297.3,0.857,0.722,0.2,76.907,27.119,3.0,5.0,0.0,4.0,10.0,4.0,0.0,23014.0,CUT,12:43:00.000,68.0,1.695,0.401,-0.929,-0.045,-0.573,1.123,285.7,0.571,0.556,0.625,22.053,26.076,7.0,6.0,0.0,7.0,7.0,4.0,0.0,45.1772759150365,-93.21330371989598,2025-07-25,12:43:00,83.0,84.5,53.12,64.2,0.0,0.0,,6.6,15.7,140.0,1016.6,5.4,2.6,Clear,clear-day,13:00:00,1753466400.0
R2 3-Ball,Ties settled by dead-heat rules,24JUL25:21:30:00,25JUL25:09:30:00,17488.0,17550.0,24766.0,"im, sungjae","van rooyen, erik","kim, tom",2.35,2.4,3.05,3.1,2.75,2.75,0.0,0.5,0.5,loss,dead-heat: 1 for 2,dead-heat: 1 for 2,draftkings,2025-07-27,3M Open,2025,2025,525,,2.0,pga,17488.0,CUT,TPC Twin Cities,883.0,71.0,1.0,13:05:00.000,71.0,0.135,0.475,-2.985,0.497,-2.013,-1.877,293.8,0.643,0.611,0.571,65.641,32.913,1.0,4.0,0.0,3.0,12.0,3.0,0.0,17550.0,CUT,13:05:00.000,68.0,2.421,-2.055,0.582,0.174,-1.299,1.123,303.7,0.643,0.778,0.4,51.375,28.74,5.0,2.0,0.0,5.0,11.0,2.0,0.0,24766.0,T28,13:05:00.000,68.0,-1.183,1.555,1.929,-1.179,2.305,1.123,287.4,0.714,0.722,0.667,22.699,29.403,4.0,5.0,1.0,4.0,10.0,3.0,0.0,45.1772759150365,-93.21330371989598,2025-07-25,13:05:00,83.0,84.5,53.12,64.2,0.0,0.0,,6.6,15.7,140.0,1016.6,5.4,2.6,Clear,clear-day,13:00:00,1753466400.0
R2 3-Ball,Ties settled by dead-heat rules,24JUL25:21:30:00,25JUL25:07:30:00,16715.0,23505.0,24550.0,"ryder, sam","mcgreevy, max","ghim, doug",2.9,2.9,2.7,2.7,2.6,2.6,1.0,0.0,0.0,win,loss,loss,draftkings,2025-07-27,3M Open,2025,2025,525,,2.0,pga,16715.0,T68,TPC Twin Cities,883.0,71.0,10.0,8:02:00.000,64.0,2.485,0.46,3.469,-1.292,2.637,5.123,291.1,0.357,0.833,0.8,48.734,18.846,7.0,3.0,0.0,8.0,9.0,1.0,0.0,23505.0,CUT,8:02:00.000,70.0,-0.365,0.499,-0.376,-0.636,-0.513,-0.877,287.0,0.571,0.722,0.667,47.289,30.134,4.0,4.0,0.0,5.0,9.0,4.0,0.0,24550.0,CUT,8:02:00.000,70.0,-3.672,2.221,0.935,-0.362,2.794,-0.877,286.2,0.714,0.778,0.75,32.065,29.776,4.0,6.0,0.0,3.0,13.0,2.0,0.0,45.1772759150365,-93.21330371989598,2025-07-25,08:02:00,71.4,71.4,98.7,71.1,0.0,0.0,,0.0,8.3,1.0,1018.2,3.1,0.2,Clear,clear-day,08:00:00,1753448400.0
R2 3-Ball,Ties settled by dead-heat rules,24JUL25:21:30:00,25JUL25:09:30:00,16283.0,25569.0,28159.0,"rodgers, patrick","stevens, sam","meissner, mac",2.75,2.75,2.3,2.3,3.3,3.3,0.0,0.0,1.0,loss,loss,win,draftkings,2025-07-27,3M Open,2025,2025,525,,2.0,pga,16283.0,CUT,TPC Twin Cities,883.0,71.0,10.0,12:32:00.000,71.0,-2.848,0.111,1.028,-0.169,0.97,-1.877,293.2,0.5,0.833,0.5,25.886,25.25,6.0,2.0,0.0,3.0,12.0,3.0,0.0,25569.0,2,12:32:00.000,68.0,3.073,-0.353,0.179,-1.777,-1.951,1.123,299.5,0.357,0.667,0.8,55.523,27.86,5.0,1.0,0.0,5.0,11.0,2.0,0.0,28159.0,T14,12:32:00.000,67.0,-0.386,1.054,0.415,1.039,2.508,2.123,291.9,0.786,0.722,0.75,70.031,25.703,5.0,3.0,0.0,7.0,8.0,3.0,0.0,45.1772759150365,-93.21330371989598,2025-07-25,12:32:00,83.0,84.5,53.12,64.2,0.0,0.0,,6.6,15.7,140.0,1016.6,5.4,2.6,Clear,clear-day,13:00:00,1753466400.0
R2 3-Ball,Ties settled by dead-heat rules,24JUL25:21:30:00,25JUL25:07:30:00,15556.0,17786.0,28635.0,"hughes, mackenzie","davis, cam","mccarty, matt",2.6,2.6,3.25,3.25,2.4,2.4,0.0,0.0,1.0,loss,loss,win,draftkings,2025-07-27,3M Open,2025,2025,525,,2.0,pga,15556.0,T53,TPC Twin Cities,883.0,71.0,1.0,7:29:00.000,71.0,-1.773,0.53,-0.661,0.026,-0.105,-1.877,291.6,0.5,0.667,0.667,46.623,30.002,3.0,5.0,1.0,1.0,13.0,3.0,0.0,17786.0,CUT,7:29:00.000,72.0,0.111,-0.357,-1.581,-1.051,-2.989,-2.877,298.1,0.5,0.5,0.667,29.236,39.359,3.0,6.0,0.0,4.0,9.0,5.0,0.0,28635.0,T68,7:29:00.000,70.0,-1.658,-0.484,1.173,0.091,0.78,-0.877,288.5,0.429,0.778,0.75,14.762,25.941,2.0,3.0,0.0,3.0,13.0,2.0,0.0,45.1772759150365,-93.21330371989598,2025-07-25,07:29:00,64.4,64.4,99.67,64.3,0.0,0.0,,0.0,5.6,0.0,1017.9,2.5,0.0,Clear,clear-day,07:00:00,1753444800.0
R2 3-Ball,Ties settled by dead-heat rules,24JUL25:21:30:00,25JUL25:09:30:00,15470.0,23465.0,27164.0,"hossler, beau","greyserman, max","phillips, chandler",3.0,2.9,2.1,2.05,3.4,3.55,0.0,1.0,0.0,loss,win,loss,draftkings,2025-07-27,3M Open,2025,2025,525,,2.0,pga,15470.0,CUT,TPC Twin Cities,883.0,71.0,1.0,12:32:00.000,71.0,0.632,0.056,-4.019,1.453,-2.51,-1.877,297.9,0.714,0.667,0.429,57.278,33.355,5.0,4.0,0.0,6.0,8.0,2.0,2.0,23465.0,CUT,12:32:00.000,70.0,-0.498,1.168,-1.393,-0.155,-0.38,-0.877,301.9,0.5,0.667,0.667,80.737,29.634,3.0,3.0,0.0,4.0,11.0,3.0,0.0,27164.0,CUT,12:32:00.000,72.0,-2.244,-0.384,2.967,-3.217,-0.634,-2.877,287.1,0.286,0.778,0.333,43.054,21.476,2.0,6.0,0.0,2.0,14.0,1.0,1.0,45.1772759150365,-93.21330371989598,2025-07-25,12:32:00,83.0,84.5,53.12,64.2,0.0,0.0,,6.6,15.7,140.0,1016.6,5.4,2.6,Clear,clear-day,13:00:00,1753466400.0
R2 3-Ball,Ties settled by dead-heat rules,24JUL25:21:30:00,25JUL25:09:30:00,17639.0,18105.0,31212.0,"blair, zac","lawrence, thriston","chandler, will",2.75,2.75,2.15,2.15,3.45,3.45,1.0,0.0,0.0,win,loss,loss,draftkings,2025-07-27,3M Open,2025,2025,525,,2.0,pga,17639.0,T44,TPC Twin Cities,883.0,71.0,1.0,8:57:00.000,72.0,-1.056,0.534,-0.472,-1.884,-1.822,-2.877,282.3,0.643,0.722,0.833,101.725,31.625,3.0,5.0,0.0,4.0,10.0,3.0,1.0,18105.0,CUT,8:57:00.000,75.0,-2.616,-1.605,-2.069,0.412,-3.262,-5.877,293.7,0.643,0.556,0.556,45.147,32.707,1.0,6.0,0.0,2.0,11.0,4.0,1.0,31212.0,CUT,8:57:00.000,81.0,0.647,-1.272,-7.155,-4.098,-12.525,-11.877,290.4,0.214,0.444,0.556,61.099,69.652,0.0,12.0,0.0,3.0,9.0,2.0,4.0,45.1772759150365,-93.21330371989598,2025-07-25,08:57:00,74.7,74.7,76.25,66.8,0.0,0.0,,5.8,9.8,152.0,1017.7,3.5,2.6,Clear,clear-day,09:00:00,1753452000.0
R2 3-Ball,Ties settled by dead-heat rules,24JUL25:21:30:00,25JUL25:09:30:00,15330.0,23482.0,23542.0,"griffin, lanto","sigg, greyson","champ, cameron",3.25,3.2,3.0,3.0,2.15,2.2,0.0,0.0,1.0,loss,loss,win,draftkings,2025-07-27,3M Open,2025,2025,525,,2.0,pga,15330.0,CUT,TPC Twin Cities,883.0,71.0,1.0,12:21:00.000,71.0,-1.237,-0.394,0.343,-0.59,-0.641,-1.877,292.1,0.643,0.722,0.4,36.166,38.179,3.0,5.0,0.0,4.0,10.0,4.0,0.0,23482.0,T39,12:21:00.000,69.0,-0.713,1.233,-0.725,0.327,0.835,0.123,290.9,0.714,0.611,0.625,50.852,34.741,4.0,2.0,0.0,5.0,10.0,3.0,0.0,23542.0,T28,12:21:00.000,68.0,-0.621,0.116,-0.095,1.722,1.743,1.123,298.1,0.786,0.778,1.0,102.428,26.377,4.0,1.0,0.0,4.0,13.0,1.0,0.0,45.1772759150365,-93.21330371989598,2025-07-25,12:21:00,82.1,83.8,55.62,64.7,0.0,0.0,,7.3,15.2,159.0,1017.2,5.1,2.6,Clear,clear-day,12:00:00,1753462800.0
R2 3-Ball,Ties settled by dead-heat rules,24JUL25:21:30:00,25JUL25:09:30:00,6986.0,7960.0,12808.0,"johnson, zach","list, luke","grillo, emiliano",3.2,3.2,3.1,3.1,2.15,2.15,0.3333333333,0.3333333333,0.3333333333,dead-heat: 1 for 3,dead-heat: 1 for 3,dead-heat: 1 for 3,draftkings,2025-07-27,3M Open,2025,2025,525,,2.0,pga,6986.0,CUT,TPC Twin Cities,883.0,71.0,10.0,13:27:00.000,67.0,0.461,-0.452,3.204,-1.091,1.661,2.123,279.4,0.786,0.778,0.6,25.15,21.618,5.0,4.0,0.0,6.0,10.0,2.0,0.0,7960.0,CUT,13:27:00.000,67.0,-0.773,1.118,0.27,1.507,2.895,2.123,304.3,0.571,0.778,0.667,49.452,33.481,3.0,1.0,0.0,6.0,10.0,2.0,0.0,12808.0,T20,13:27:00.000,67.0,2.951,-1.74,-0.839,1.75,-0.829,2.123,294.6,0.857,0.778,0.8,44.764,38.052,4.0,2.0,0.0,5.0,12.0,1.0,0.0,45.1772759150365,-93.21330371989598,2025-07-25,13:27:00,83.0,84.5,53.12,64.2,0.0,0.0,,6.6,15.7,140.0,1016.6,5.4,2.6,Clear,clear-day,13:00:00,1753466400.0
R2 3-Ball,Ties settled by dead-heat rules,24JUL25:21:30:00,25JUL25:07:30:00,8820.0,26653.0,28469.0,"snedeker, brandt","eckroat, austin","highsmith, joe",3.0,3.2,2.3,2.2,3.0,2.85,0.0,1.0,0.0,loss,win,loss,draftkings,2025-07-27,3M Open,2025,2025,525,,2.0,pga,8820.0,CUT,TPC Twin Cities,883.0,71.0,1.0,7:40:00.000,66.0,2.258,-0.423,1.125,0.162,0.864,3.123,279.9,0.714,0.722,0.8,22.036,28.447,3.0,2.0,1.0,4.0,12.0,1.0,0.0,26653.0,T39,7:40:00.000,65.0,0.155,-0.397,3.236,1.128,3.967,4.123,297.1,0.714,0.889,0.5,25.238,22.235,3.0,1.0,1.0,5.0,11.0,1.0,0.0,28469.0,CUT,7:40:00.000,67.0,-1.063,0.576,2.609,0.0,3.185,2.123,297.0,0.643,0.833,1.0,27.409,25.136,3.0,3.0,0.0,5.0,12.0,1.0,0.0,45.1772759150365,-93.21330371989598,2025-07-25,07:40:00,71.4,71.4,98.7,71.1,0.0,0.0,,0.0,8.3,1.0,1018.2,3.1,0.2,Clear,clear-day,08:00:00,1753448400.0
R2 3-Ball,Ties settled by dead-heat rules,24JUL25:21:30:00,25JUL25:09:30:00,10419.0,12920.0,14140.0,"noren, alex","willett, danny","higgs, harry",2.15,2.1,3.2,3.2,3.1,3.1,1.0,0.0,0.0,win,loss,loss,draftkings,2025-07-27,3M Open,2025,2025,525,,2.0,pga,10419.0,T7,TPC Twin Cities,883.0,71.0,10.0,12:21:00.000,62.0,4.76,0.987,-0.332,1.707,2.362,7.123,297.4,0.786,0.722,0.75,78.173,31.099,6.0,1.0,1.0,9.0,6.0,2.0,0.0,12920.0,CUT,12:21:00.000,72.0,-0.936,0.605,-3.452,0.905,-1.942,-2.877,292.6,0.643,0.667,0.6,78.127,35.735,5.0,4.0,0.0,3.0,12.0,2.0,1.0,14140.0,T25,12:21:00.000,67.0,2.105,-0.218,-0.598,0.833,0.017,2.123,297.4,0.643,0.833,1.0,54.877,31.332,5.0,2.0,0.0,5.0,12.0,1.0,0.0,45.1772759150365,-93.21330371989598,2025-07-25,12:21:00,82.1,83.8,55.62,64.7,0.0,0.0,,7.3,15.2,159.0,1017.2,5.1,2.6,Clear,clear-day,12:00:00,1753462800.0
R2 3-Ball,Ties settled by dead-heat rules,24JUL25:21:30:00,25JUL25:07:30:00,7820.0,13367.0,14698.0,"palmer, ryan","merritt, troy","bramlett, joseph",3.55,3.7,3.0,2.9,2.0,2.0,0.0,0.0,1.0,loss,loss,win,draftkings,2025-07-27,3M Open,2025,2025,525,,2.0,pga,7820.0,CUT,TPC Twin Cities,883.0,71.0,1.0,6:56:00.000,72.0,-1.646,-0.19,-1.766,0.724,-1.232,-2.877,287.8,0.857,0.722,0.4,64.012,36.596,4.0,7.0,0.0,3.0,12.0,2.0,1.0,13367.0,T44,6:56:00.000,68.0,1.978,-0.142,-1.111,0.397,-0.856,1.123,287.7,0.643,0.722,0.5,49.218,50.224,3.0,2.0,0.0,6.0,9.0,3.0,0.0,14698.0,T44,6:56:00.000,67.0,2.563,-0.096,0.125,-0.47,-0.441,2.123,300.2,0.571,0.722,0.6,53.854,32.606,6.0,3.0,1.0,4.0,11.0,2.0,0.0,45.1772759150365,-93.21330371989598,2025-07-25,06:56:00,64.4,64.4,99.67,64.3,0.0,0.0,,0.0,5.6,0.0,1017.9,2.5,0.0,Clear,clear-day,07:00:00,1753444800.0
R2 3-Ball,Ties settled by dead-heat rules,24JUL25:21:30:00,25JUL25:09:30:00,9171.0,10104.0,14459.0,"villegas, camilo","power, seamus","an, byeong hun",3.75,3.75,2.6,2.6,2.15,2.15,0.0,1.0,0.0,loss,win,loss,draftkings,2025-07-27,3M Open,2025,2025,525,,2.0,pga,9171.0,T53,TPC Twin Cities,883.0,71.0,10.0,12:43:00.000,69.0,-1.383,0.375,1.525,-0.395,1.505,0.123,289.7,0.571,0.778,0.6,41.94,24.499,3.0,1.0,1.0,2.0,14.0,0.0,1.0,10104.0,T28,12:43:00.000,66.0,0.062,-0.638,4.165,-0.467,3.06,3.123,287.8,0.643,0.833,0.4,18.608,24.744,8.0,6.0,2.0,4.0,10.0,1.0,1.0,14459.0,CUT,12:43:00.000,70.0,-1.382,0.249,-1.388,1.643,0.504,-0.877,308.5,0.714,0.722,0.6,30.61,38.236,3.0,5.0,0.0,4.0,11.0,3.0,0.0,45.1772759150365,-93.21330371989598,2025-07-25,12:43:00,83.0,84.5,53.12,64.2,0.0,0.0,,6.6,15.7,140.0,1016.6,5.4,2.6,Clear,clear-day,13:00:00,1753466400.0
R2 3-Ball,Ties settled by dead-heat rules,24JUL25:21:30:00,25JUL25:09:30:00,14926.0,17881.0,19477.0,"malnati, peter","yu, kevin","schenk, adam",3.8,3.95,1.95,1.91,3.0,2.95,0.5,0.5,0.0,dead-heat: 1 for 2,dead-heat: 1 for 2,loss,draftkings,2025-07-27,3M Open,2025,2025,525,,2.0,pga,14926.0,CUT,TPC Twin Cities,883.0,71.0,10.0,13:05:00.000,66.0,3.728,-0.598,0.365,-0.373,-0.606,3.123,304.6,0.429,0.667,0.833,96.214,22.827,2.0,0.0,0.0,7.0,9.0,2.0,0.0,17881.0,CUT,13:05:00.000,66.0,1.436,-0.853,1.359,1.18,1.686,3.123,292.1,0.714,0.722,0.667,48.498,27.041,1.0,0.0,1.0,5.0,10.0,2.0,0.0,19477.0,CUT,13:05:00.000,77.0,-1.353,-1.545,-1.188,-3.792,-6.525,-7.877,298.8,0.571,0.556,0.571,34.035,27.272,1.0,9.0,0.0,3.0,9.0,3.0,3.0,45.1772759150365,-93.21330371989598,2025-07-25,13:05:00,83.0,84.5,53.12,64.2,0.0,0.0,,6.6,15.7,140.0,1016.6,5.4,2.6,Clear,clear-day,13:00:00,1753466400.0
R2 3-Ball,Ties settled by dead-heat rules,24JUL25:21:30:00,25JUL25:09:30:00,11676.0,12965.0,17780.0,"finau, tony","fowler, rickie","pendrith, taylor",2.75,2.75,2.8,2.8,2.6,2.6,0.0,0.0,1.0,loss,loss,win,draftkings,2025-07-27,3M Open,2025,2025,525,,2.0,pga,11676.0,CUT,TPC Twin Cities,883.0,71.0,1.0,12:54:00.000,77.0,0.279,-1.391,-4.795,-1.971,-8.157,-7.877,289.3,0.357,0.556,0.429,51.056,40.069,2.0,9.0,0.0,2.0,10.0,4.0,2.0,12965.0,T28,12:54:00.000,70.0,-0.293,-2.075,0.457,1.033,-0.585,-0.877,293.8,0.786,0.722,0.429,44.192,26.459,1.0,2.0,0.0,4.0,12.0,1.0,1.0,17780.0,T68,12:54:00.000,69.0,0.193,-0.811,-0.29,1.03,-0.071,0.123,303.1,0.643,0.667,0.625,32.527,34.063,1.0,3.0,0.0,4.0,12.0,2.0,0.0,45.1772759150365,-93.21330371989598,2025-07-25,12:54:00,83.0,84.5,53.12,64.2,0.0,0.0,,6.6,15.7,140.0,1016.6,5.4,2.6,Clear,clear-day,13:00:00,1753466400.0
R2 3-Ball,Ties settled by dead-heat rules,24JUL25:21:30:00,25JUL25:07:30:00,11657.0,14967.0,15004.0,"norlander, henrik","hadley, chesson","kim, chan",2.6,2.6,3.0,3.0,2.6,2.6,1.0,0.0,0.0,win,loss,loss,draftkings,2025-07-27,3M Open,2025,2025,525,,2.0,pga,11657.0,T72,TPC Twin Cities,883.0,71.0,10.0,8:13:00.000,66.0,0.928,-0.263,1.783,0.674,2.194,3.123,281.9,0.857,0.944,0.667,50.997,28.189,2.0,0.0,0.0,5.0,13.0,0.0,0.0,14967.0,CUT,8:13:00.000,73.0,-1.496,-0.615,-1.45,-0.317,-2.382,-3.877,296.4,0.714,0.667,0.4,81.146,28.544,3.0,6.0,1.0,1.0,13.0,2.0,1.0,15004.0,CUT,8:13:00.000,70.0,-1.819,1.698,-1.413,0.656,0.941,-0.877,291.3,0.643,0.667,1.0,45.064,26.659,0.0,3.0,0.0,3.0,13.0,2.0,0.0,45.1772759150365,-93.21330371989598,2025-07-25,08:13:00,71.4,71.4,98.7,71.1,0.0,0.0,,0.0,8.3,1.0,1018.2,3.1,0.2,Clear,clear-day,08:00:00,1753448400.0
R2 3-Ball,Ties settled by dead-heat rules,24JUL25:21:30:00,25JUL25:07:30:00,12423.0,18103.0,25157.0,"kirk, chris","bezuidenhout, chri","hodges, lee",2.9,2.9,2.6,2.6,2.6,2.6,0.0,1.0,0.0,loss,win,loss,draftkings,2025-07-27,3M Open,2025,2025,525,,2.0,pga,12423.0,T14,TPC Twin Cities,883.0,71.0,10.0,7:51:00.000,67.0,-0.409,1.65,0.753,0.128,2.531,2.123,292.1,0.571,0.833,1.0,78.789,27.701,4.0,2.0,0.0,5.0,12.0,1.0,0.0,18103.0,T20,7:51:00.000,66.0,0.632,0.587,1.319,0.584,2.49,3.123,283.0,0.786,0.778,1.0,46.887,21.595,5.0,4.0,0.0,6.0,11.0,1.0,0.0,25157.0,CUT,7:51:00.000,70.0,0.464,0.142,-0.22,-1.264,-1.342,-0.877,293.6,0.571,0.611,1.0,31.229,26.388,4.0,5.0,0.0,4.0,12.0,1.0,1.0,45.1772759150365,-93.21330371989598,2025-07-25,07:51:00,71.4,71.4,98.7,71.1,0.0,0.0,,0.0,8.3,1.0,1018.2,3.1,0.2,Clear,clear-day,08:00:00,1753448400.0
R2 3-Ball,Ties settled by dead-heat rules,24JUL25:21:30:00,25JUL25:09:30:00,12577.0,27364.0,28270.0,"woodland, gary","thompson, davis","dunlap, nick",2.5,2.5,2.05,2.05,4.5,4.5,1.0,0.0,0.0,win,loss,loss,draftkings,2025-07-27,3M Open,2025,2025,525,,2.0,pga,12577.0,T20,TPC Twin Cities,883.0,71.0,1.0,13:16:00.000,68.0,-0.695,-0.319,1.29,0.846,1.817,1.123,294.1,0.714,0.833,0.75,49.323,22.905,2.0,1.0,0.0,5.0,11.0,2.0,0.0,27364.0,CUT,13:16:00.000,71.0,-1.1,0.043,-1.923,1.102,-0.778,-1.877,293.4,0.643,0.722,0.6,58.931,26.416,1.0,4.0,0.0,1.0,16.0,1.0,0.0,28270.0,CUT,13:16:00.000,70.0,-3.519,0.702,2.409,-0.47,2.641,-0.877,294.6,0.5,0.778,0.8,37.293,25.085,2.0,4.0,0.0,3.0,13.0,2.0,0.0,45.1772759150365,-93.21330371989598,2025-07-25,13:16:00,83.0,84.5,53.12,64.2,0.0,0.0,,6.6,15.7,140.0,1016.6,5.4,2.6,Clear,clear-day,13:00:00,1753466400.0
R2 3-Ball,Ties settled by dead-heat rules,24JUL25:21:30:00,25JUL25:07:30:00,13412.0,14704.0,18424.0,"olesen, thorbjorn","putnam, andrew","roy, kevin",2.65,2.65,2.75,2.75,2.65,2.65,1.0,0.0,0.0,win,loss,loss,draftkings,2025-07-27,3M Open,2025,2025,525,,2.0,pga,13412.0,T14,TPC Twin Cities,883.0,71.0,10.0,6:45:00.000,66.0,0.173,0.639,4.304,-1.994,2.949,3.123,292.1,0.643,0.833,0.667,21.064,23.013,4.0,4.0,0.0,8.0,8.0,1.0,1.0,14704.0,CUT,6:45:00.000,68.0,0.173,0.352,1.321,-0.724,0.949,1.123,272.1,0.643,0.778,0.6,44.773,33.697,1.0,1.0,0.0,4.0,13.0,1.0,0.0,18424.0,T28,6:45:00.000,68.0,-0.018,0.199,0.569,0.372,1.14,1.123,291.1,0.643,0.778,0.333,42.25,27.107,2.0,3.0,0.0,7.0,7.0,4.0,0.0,45.1772759150365,-93.21330371989598,2025-07-25,06:45:00,64.4,64.4,99.67,64.3,0.0,0.0,,0.0,5.6,0.0,1017.9,2.5,0.0,Clear,clear-day,07:00:00,1753444800.0
R2 3-Ball,Ties settled by dead-heat rules,24JUL25:21:30:00,25JUL25:09:30:00,12909.0,13470.0,21944.0,"campos, rafael","kizzire, patton","moore, taylor",3.75,3.8,2.95,3.0,1.95,1.95,0.0,0.0,1.0,loss,loss,win,draftkings,2025-07-27,3M Open,2025,2025,525,,2.0,pga,12909.0,CUT,TPC Twin Cities,883.0,71.0,10.0,13:16:00.000,75.0,-1.287,-1.52,-1.596,-1.475,-4.591,-5.877,293.9,0.5,0.556,0.333,71.045,33.147,5.0,9.0,0.0,3.0,9.0,5.0,1.0,13470.0,CUT,13:16:00.000,70.0,-0.172,-0.402,0.207,-0.511,-0.706,-0.877,289.3,0.5,0.833,0.333,54.154,28.605,3.0,2.0,0.0,4.0,11.0,3.0,0.0,21944.0,T14,13:16:00.000,67.0,-0.53,1.074,0.812,0.766,2.652,2.123,304.3,0.857,0.722,0.8,15.464,26.152,5.0,4.0,0.0,6.0,10.0,2.0,0.0,45.1772759150365,-93.21330371989598,2025-07-25,13:16:00,83.0,84.5,53.12,64.2,0.0,0.0,,6.6,15.7,140.0,1016.6,5.4,2.6,Clear,clear-day,13:00:00,1753466400.0
R2 3-Ball,Ties settled by dead-heat rules,24JUL25:21:30:00,25JUL25:09:30:00,14007.0,16395.0,29433.0,"martin, ben","kohles, ben","bridgeman, jacob",3.3,3.15,2.8,2.7,2.25,2.35,0.0,0.0,1.0,loss,loss,win,draftkings,2025-07-27,3M Open,2025,2025,525,,2.0,pga,14007.0,CUT,TPC Twin Cities,883.0,71.0,10.0,13:49:00.000,68.0,1.22,0.102,-0.225,0.025,-0.098,1.123,282.6,0.714,0.667,0.667,67.588,27.14,3.0,3.0,0.0,6.0,9.0,3.0,0.0,16395.0,T20,13:49:00.000,69.0,-3.326,1.438,0.673,1.337,3.448,0.123,295.0,0.786,0.722,0.625,4.601,36.028,5.0,7.0,1.0,4.0,9.0,4.0,0.0,29433.0,CUT,13:49:00.000,67.0,0.886,-0.578,1.215,0.599,1.236,2.123,299.7,0.714,0.833,0.75,18.75,27.584,3.0,3.0,0.0,6.0,10.0,2.0,0.0,45.1772759150365,-93.21330371989598,2025-07-25,13:49:00,84.0,85.5,51.69,64.4,0.0,0.0,,6.0,15.2,131.0,1016.8,5.0,6.1,Clear,clear-day,14:00:00,1753470000.0
R2 3-Ball,Ties settled by dead-heat rules,24JUL25:21:30:00,25JUL25:09:30:00,13997.0,15575.0,21891.0,"svensson, adam","hoge, tom","kitayama, kurt",3.4,3.4,3.0,3.0,2.1,2.1,0.0,0.0,1.0,loss,loss,win,draftkings,2025-07-27,3M Open,2025,2025,525,,2.0,pga,13997.0,T14,TPC Twin Cities,883.0,71.0,10.0,12:54:00.000,75.0,-2.919,-0.482,2.377,-4.854,-2.959,-5.877,278.8,0.429,0.611,0.667,64.951,17.771,5.0,7.0,0.0,1.0,13.0,3.0,1.0,15575.0,CUT,12:54:00.000,78.0,-5.844,-1.626,-0.437,-0.971,-3.034,-8.877,301.1,0.5,0.5,0.455,46.13,30.473,3.0,12.0,0.0,3.0,9.0,2.0,4.0,21891.0,1,12:54:00.000,71.0,-0.265,-0.374,0.013,-1.252,-1.613,-1.877,306.0,0.357,0.778,0.333,37.552,27.322,5.0,8.0,0.0,5.0,8.0,5.0,0.0,45.1772759150365,-93.21330371989598,2025-07-25,12:54:00,83.0,84.5,53.12,64.2,0.0,0.0,,6.6,15.7,140.0,1016.6,5.4,2.6,Clear,clear-day,13:00:00,1753466400.0
R2 3-Ball,Ties settled by dead-heat rules,24JUL25:21:30:00,25JUL25:07:30:00,13508.0,15310.0,19483.0,"vegas, jhonattan","li, haotong","burns, sam",3.1,3.1,3.2,3.2,2.15,2.15,0.0,0.0,1.0,loss,loss,win,draftkings,2025-07-27,3M Open,2025,2025,525,,2.0,pga,13508.0,T44,TPC Twin Cities,883.0,71.0,10.0,7:29:00.000,69.0,-0.013,1.083,-1.486,0.538,0.135,0.123,298.2,0.571,0.722,0.833,40.835,33.166,1.0,2.0,0.0,3.0,14.0,1.0,0.0,15310.0,CUT,7:29:00.000,68.0,0.487,1.057,-1.202,0.78,0.635,1.123,295.1,0.857,0.722,0.833,35.962,29.152,5.0,5.0,0.0,6.0,9.0,3.0,0.0,19483.0,T61,7:29:00.000,64.0,0.573,1.38,2.746,0.423,4.549,5.123,295.3,0.714,0.833,0.75,7.7,25.123,8.0,5.0,0.0,8.0,9.0,1.0,0.0,45.1772759150365,-93.21330371989598,2025-07-25,07:29:00,64.4,64.4,99.67,64.3,0.0,0.0,,0.0,5.6,0.0,1017.9,2.5,0.0,Clear,clear-day,07:00:00,1753444800.0
R2 3-Ball,Ties settled by dead-heat rules,24JUL25:21:30:00,25JUL25:07:30:00,10873.0,16333.0,25363.0,"skinns, david","hubbard, mark","buckley, hayden",2.7,2.7,2.3,2.3,3.3,3.3,0.0,1.0,0.0,loss,win,loss,draftkings,2025-07-27,3M Open,2025,2025,525,,2.0,pga,10873.0,T57,TPC Twin Cities,883.0,71.0,10.0,7:07:00.000,70.0,-3.13,-0.212,1.661,0.803,2.252,-0.877,289.3,0.786,0.889,0.0,57.917,25.697,2.0,4.0,1.0,2.0,12.0,3.0,0.0,16333.0,T61,7:07:00.000,68.0,0.054,-0.249,2.15,-0.833,1.068,1.123,286.7,0.714,0.833,0.5,29.723,26.439,2.0,3.0,0.0,5.0,11.0,2.0,0.0,25363.0,CUT,7:07:00.000,72.0,0.02,0.292,-0.917,-2.273,-2.898,-2.877,290.4,0.429,0.667,0.857,65.658,25.802,0.0,4.0,0.0,3.0,11.0,4.0,0.0,45.1772759150365,-93.21330371989598,2025-07-25,07:07:00,64.4,64.4,99.67,64.3,0.0,0.0,,0.0,5.6,0.0,1017.9,2.5,0.0,Clear,clear-day,07:00:00,1753444800.0
R1 Match-,Bets are void in event of tie,22JUL25:14:30:00,24JUL25:06:30:00,18634.0,23465.0,,"mcnealy, maverick","greyserman, max",,1.77,1.77,2.0,2.0,,,0.0,1.0,,loss,win,,draftkings,2025-07-27,3M Open,2025,2025,525,,1.0,pga,18634.0,CUT,TPC Twin Cities,883.0,71.0,10.0,7:18:00.000,71.0,-0.248,-0.386,-0.46,-1.009,-1.855,-2.103,289.2,0.571,0.556,0.5,79.598,28.75,4.0,6.0,1.0,2.0,11.0,4.0,0.0,23465.0,CUT,7:07:00.000,69.0,-0.598,2.729,-2.536,0.302,0.495,-0.103,303.3,0.571,0.556,0.778,69.023,24.176,4.0,3.0,0.0,5.0,11.0,1.0,1.0,,,,,,,,,,,,,,,,,,,,,,,,45.1772759150365,-93.21330371989598,2025-07-24,07:18:00,69.8,69.8,99.67,69.7,0.005,100.0,rain,0.5,10.1,358.0,1014.5,9.9,45.7,"Rain, Partially cloudy",rain,07:00:00,1753358400.0
R1 Match-,Bets are void in event of tie,22JUL25:14:30:00,24JUL25:06:30:00,19396.0,20706.0,,"knapp, jake","wallace, matt",,1.77,1.77,2.0,2.0,,,1.0,0.0,,win,loss,,draftkings,2025-07-27,3M Open,2025,2025,525,,1.0,pga,19396.0,T3,TPC Twin Cities,883.0,71.0,1.0,13:05:00.000,64.0,0.071,-0.151,2.45,2.527,4.826,4.897,311.8,0.786,0.944,0.667,17.048,22.288,5.0,0.0,1.0,5.0,12.0,0.0,0.0,20706.0,T3,12:43:00.000,65.0,0.546,0.648,2.321,0.382,3.351,3.897,299.9,0.571,0.833,0.6,15.815,25.595,6.0,2.0,1.0,5.0,11.0,1.0,0.0,,,,,,,,,,,,,,,,,,,,,,,,45.1772759150365,-93.21330371989598,2025-07-24,13:05:00,80.0,82.4,65.0,67.2,0.0,0.0,,7.4,18.3,325.0,1015.2,9.9,62.2,Partially cloudy,partly-cloudy-day,13:00:00,1753380000.0
R1 Match-,Bets are void in event of tie,22JUL25:14:30:00,24JUL25:06:30:00,19483.0,23604.0,,"burns, sam","clark, wyndham",,1.77,1.77,2.0,2.0,,,0.0,1.0,,loss,win,,draftkings,2025-07-27,3M Open,2025,2025,525,,1.0,pga,19483.0,T61,TPC Twin Cities,883.0,71.0,1.0,12:54:00.000,71.0,-1.257,0.794,-2.682,1.042,-0.846,-2.103,296.2,0.714,0.667,0.667,115.555,24.113,3.0,3.0,0.0,2.0,14.0,2.0,0.0,23604.0,T12,12:43:00.000,67.0,-0.609,1.512,1.204,-0.21,2.506,1.897,295.1,0.643,0.722,0.833,40.515,24.377,5.0,4.0,0.0,7.0,9.0,1.0,1.0,,,,,,,,,,,,,,,,,,,,,,,,45.1772759150365,-93.21330371989598,2025-07-24,12:54:00,80.0,82.4,65.0,67.2,0.0,0.0,,7.4,18.3,325.0,1015.2,9.9,62.2,Partially cloudy,partly-cloudy-day,13:00:00,1753380000.0
R1 Match-,Bets are void in event of tie,22JUL25:14:30:00,24JUL25:06:30:00,23542.0,25908.0,,"champ, cameron","whaley, vince",,1.87,1.91,1.91,1.87,,,0.0,1.0,,loss,win,,draftkings,2025-07-27,3M Open,2025,2025,525,,1.0,pga,23542.0,T28,TPC Twin Cities,883.0,71.0,10.0,6:56:00.000,69.0,-1.399,0.133,-0.195,1.358,1.296,-0.103,304.5,0.714,0.722,0.667,37.838,25.346,5.0,3.0,1.0,2.0,13.0,2.0,0.0,25908.0,T57,6:45:00.000,67.0,0.023,-0.942,2.171,0.645,1.874,1.897,296.1,0.571,0.833,0.6,16.283,29.591,3.0,2.0,1.0,4.0,12.0,0.0,1.0,,,,,,,,,,,,,,,,,,,,,,,,45.1772759150365,-93.21330371989598,2025-07-24,06:56:00,69.8,69.8,99.67,69.7,0.005,100.0,rain,0.5,10.1,358.0,1014.5,9.9,45.7,"Rain, Partially cloudy",rain,07:00:00,1753358400.0
R1 Match-,Bets are void in event of tie,22JUL25:14:30:00,24JUL25:06:30:00,26096.0,27774.0,,"bhatia, akshay","gotterup, chris",,2.1,2.1,1.71,1.71,,,0.0,1.0,,loss,win,,draftkings,2025-07-27,3M Open,2025,2025,525,,1.0,pga,26096.0,T25,TPC Twin Cities,883.0,71.0,1.0,13:05:00.000,66.0,1.684,0.007,-0.13,1.336,1.213,2.897,298.2,0.786,0.722,0.857,33.26,27.516,4.0,3.0,0.0,7.0,9.0,2.0,0.0,27774.0,T10,12:43:00.000,63.0,2.278,0.475,3.289,-0.145,3.619,5.897,301.8,0.5,0.722,1.0,31.587,21.391,8.0,2.0,1.0,6.0,11.0,0.0,0.0,,,,,,,,,,,,,,,,,,,,,,,,45.1772759150365,-93.21330371989598,2025-07-24,13:05:00,80.0,82.4,65.0,67.2,0.0,0.0,,7.4,18.3,325.0,1015.2,9.9,62.2,Partially cloudy,partly-cloudy-day,13:00:00,1753380000.0
R1 Match-,Bets are void in event of tie,22JUL25:14:30:00,24JUL25:06:30:00,6430.0,23504.0,,"scott, adam","hoey, rico",,1.83,1.83,1.95,1.95,,,0.0,1.0,,loss,win,,draftkings,2025-07-27,3M Open,2025,2025,525,,1.0,pga,6430.0,T53,TPC Twin Cities,883.0,71.0,1.0,12:43:00.000,69.0,-1.63,-0.825,0.728,1.624,1.527,-0.103,298.7,0.857,0.722,0.714,42.668,19.686,4.0,3.0,0.0,3.0,14.0,1.0,0.0,23504.0,T57,12:10:00.000,68.0,-1.912,-0.716,2.166,1.359,2.809,0.897,290.4,0.786,0.944,0.5,32.533,20.138,3.0,4.0,0.0,4.0,13.0,1.0,0.0,,,,,,,,,,,,,,,,,,,,,,,,45.1772759150365,-93.21330371989598,2025-07-24,12:43:00,80.0,82.4,65.0,67.2,0.0,0.0,,7.4,18.3,325.0,1015.2,9.9,62.2,Partially cloudy,partly-cloudy-day,13:00:00,1753380000.0
R1 Match-,Bets are void in event of tie,22JUL25:14:30:00,24JUL25:06:30:00,17488.0,27364.0,,"im, sungjae","thompson, davis",,1.91,1.91,1.87,1.87,,,0.0,1.0,,loss,win,,draftkings,2025-07-27,3M Open,2025,2025,525,,1.0,pga,17488.0,CUT,TPC Twin Cities,883.0,71.0,10.0,7:40:00.000,71.0,-2.162,1.264,-1.896,0.691,0.059,-2.103,286.4,0.786,0.611,0.571,45.945,27.224,2.0,8.0,0.0,3.0,12.0,3.0,0.0,27364.0,CUT,7:51:00.000,69.0,0.251,-1.207,0.478,0.375,-0.354,-0.103,287.8,0.857,0.722,0.5,64.447,24.092,4.0,3.0,1.0,3.0,11.0,3.0,0.0,,,,,,,,,,,,,,,,,,,,,,,,45.1772759150365,-93.21330371989598,2025-07-24,07:40:00,71.4,71.4,92.25,69.1,0.0,0.0,,7.3,12.1,344.0,1014.1,9.9,87.9,Partially cloudy,partly-cloudy-day,08:00:00,1753362000.0
R1 Match-,Bets are void in event of tie,22JUL25:14:30:00,24JUL25:06:30:00,18474.0,25569.0,,"smalley, alex","stevens, sam",,1.87,1.87,1.91,1.91,,,0.0,1.0,,loss,win,,draftkings,2025-07-27,3M Open,2025,2025,525,,1.0,pga,18474.0,T44,TPC Twin Cities,883.0,71.0,1.0,8:13:00.000,71.0,-0.757,-0.408,0.196,-1.134,-1.346,-2.103,292.5,0.5,0.556,0.889,30.722,32.933,4.0,7.0,0.0,3.0,14.0,0.0,1.0,25569.0,2,7:07:00.000,62.0,1.91,3.091,-0.217,2.113,4.987,6.897,299.7,0.857,0.833,1.0,38.347,29.816,7.0,4.0,0.0,10.0,7.0,1.0,0.0,,,,,,,,,,,,,,,,,,,,,,,,45.1772759150365,-93.21330371989598,2025-07-24,08:13:00,71.4,71.4,92.25,69.1,0.0,0.0,,7.3,12.1,344.0,1014.1,9.9,87.9,Partially cloudy,partly-cloudy-day,08:00:00,1753362000.0
R1 Match-,Bets are void in event of tie,22JUL25:14:30:00,24JUL25:06:30:00,17365.0,18103.0,,"mitchell, keith","bezuidenhout, chri",,1.87,1.87,1.91,1.91,,,1.0,0.0,,win,loss,,draftkings,2025-07-27,3M Open,2025,2025,525,,1.0,pga,17365.0,CUT,TPC Twin Cities,883.0,71.0,1.0,12:21:00.000,68.0,-0.762,-1.09,2.531,0.218,1.659,0.897,304.8,0.643,0.833,0.333,16.909,22.944,3.0,5.0,0.0,6.0,9.0,3.0,0.0,18103.0,T20,13:16:00.000,71.0,1.732,-0.724,-2.561,-0.55,-3.835,-2.103,269.6,0.714,0.611,0.6,125.341,25.651,5.0,3.0,0.0,5.0,9.0,3.0,1.0,,,,,,,,,,,,,,,,,,,,,,,,45.1772759150365,-93.21330371989598,2025-07-24,12:21:00,77.6,77.6,70.03,67.1,0.0,0.0,,5.8,14.5,351.0,1015.2,9.9,89.0,Partially cloudy,partly-cloudy-day,12:00:00,1753376400.0
R1 Match-,Bets are void in event of tie,22JUL25:14:30:00,24JUL25:06:30:00,15676.0,21944.0,,"norgaard, niklas","moore, taylor",,1.87,1.87,1.91,1.91,,,0.5,0.5,,void,void,,draftkings,2025-07-27,3M Open,2025,2025,525,,1.0,pga,15676.0,T68,TPC Twin Cities,883.0,71.0,1.0,8:57:00.000,66.0,0.886,-0.873,1.495,1.389,2.011,2.897,308.0,0.571,0.889,0.0,16.18,25.747,7.0,2.0,1.0,5.0,10.0,2.0,0.0,21944.0,T14,7:51:00.000,66.0,-0.194,1.351,0.85,0.89,3.091,2.897,293.1,0.714,0.667,0.75,93.202,26.783,6.0,3.0,1.0,4.0,12.0,1.0,0.0,,,,,,,,,,,,,,,,,,,,,,,,45.1772759150365,-93.21330371989598,2025-07-24,08:57:00,71.4,71.4,88.91,68.0,0.0,0.0,,6.6,13.2,26.0,1014.5,9.9,92.4,Overcast,cloudy,09:00:00,1753365600.0
R1 Match-,Bets are void in event of tie,22JUL25:14:30:00,24JUL25:06:30:00,15470.0,26850.0,,"hossler, beau","svensson, jesper",,1.87,1.87,1.91,1.91,,,0.0,1.0,,loss,win,,draftkings,2025-07-27,3M Open,2025,2025,525,,1.0,pga,15470.0,CUT,TPC Twin Cities,883.0,71.0,10.0,7:07:00.000,74.0,-2.658,0.022,-0.677,-1.79,-2.445,-5.103,292.5,0.643,0.667,0.429,50.642,30.436,2.0,7.0,0.0,3.0,10.0,4.0,1.0,26850.0,T14,8:35:00.000,66.0,0.256,0.075,3.375,-0.809,2.641,2.897,303.9,0.571,0.944,1.0,29.999,18.416,4.0,2.0,0.0,7.0,10.0,0.0,1.0,,,,,,,,,,,,,,,,,,,,,,,,45.1772759150365,-93.21330371989598,2025-07-24,07:07:00,69.8,69.8,99.67,69.7,0.005,100.0,rain,0.5,10.1,358.0,1014.5,9.9,45.7,"Rain, Partially cloudy",rain,07:00:00,1753358400.0
R1 Match-,Bets are void in event of tie,22JUL25:14:30:00,24JUL25:06:30:00,15310.0,28309.0,,"li, haotong","coody, pierceson",,1.87,1.87,1.91,1.91,,,0.0,1.0,,loss,win,,draftkings,2025-07-27,3M Open,2025,2025,525,,1.0,pga,15310.0,CUT,TPC Twin Cities,883.0,71.0,1.0,12:54:00.000,70.0,2.327,-0.04,-2.704,-0.686,-3.43,-1.103,290.6,0.571,0.722,0.75,48.512,23.174,4.0,6.0,0.0,5.0,11.0,1.0,1.0,28309.0,T3,13:49:00.000,65.0,0.596,0.451,1.021,1.829,3.301,3.897,305.2,0.714,0.944,0.5,127.489,17.377,8.0,1.0,0.0,7.0,10.0,1.0,0.0,,,,,,,,,,,,,,,,,,,,,,,,45.1772759150365,-93.21330371989598,2025-07-24,12:54:00,80.0,82.4,65.0,67.2,0.0,0.0,,7.4,18.3,325.0,1015.2,9.9,62.2,Partially cloudy,partly-cloudy-day,13:00:00,1753380000.0
R1 Match-,Bets are void in event of tie,22JUL25:14:30:00,24JUL25:06:30:00,14609.0,17780.0,,"kim, si woo","pendrith, taylor",,1.87,1.87,1.91,1.91,,,0.0,1.0,,loss,win,,draftkings,2025-07-27,3M Open,2025,2025,525,,1.0,pga,14609.0,CUT,TPC Twin Cities,883.0,71.0,10.0,8:02:00.000,70.0,-0.213,0.639,-0.836,-0.693,-0.89,-1.103,286.5,0.714,0.611,0.857,79.151,21.667,3.0,9.0,0.0,4.0,11.0,3.0,0.0,17780.0,T68,7:29:00.000,68.0,-0.479,-1.094,1.15,1.32,1.376,0.897,298.8,0.714,0.778,0.5,32.908,24.282,3.0,5.0,0.0,5.0,11.0,2.0,0.0,,,,,,,,,,,,,,,,,,,,,,,,45.1772759150365,-93.21330371989598,2025-07-24,08:02:00,71.4,71.4,92.25,69.1,0.0,0.0,,7.3,12.1,344.0,1014.1,9.9,87.9,Partially cloudy,partly-cloudy-day,08:00:00,1753362000.0
R1 Match-,Bets are void in event of tie,22JUL25:14:30:00,24JUL25:06:30:00,11676.0,21891.0,,"finau, tony","kitayama, kurt",,1.87,1.87,1.91,1.91,,,0.0,1.0,,loss,win,,draftkings,2025-07-27,3M Open,2025,2025,525,,1.0,pga,11676.0,CUT,TPC Twin Cities,883.0,71.0,10.0,7:29:00.000,69.0,-0.996,0.645,-0.743,0.991,0.893,-0.103,289.3,0.786,0.833,0.8,32.84,29.893,3.0,2.0,0.0,3.0,14.0,1.0,0.0,21891.0,1,7:29:00.000,65.0,0.398,0.183,1.628,1.688,3.499,3.897,298.9,0.857,0.778,0.714,20.821,22.012,6.0,3.0,0.0,7.0,10.0,1.0,0.0,,,,,,,,,,,,,,,,,,,,,,,,45.1772759150365,-93.21330371989598,2025-07-24,07:29:00,69.8,69.8,99.67,69.7,0.005,100.0,rain,0.5,10.1,358.0,1014.5,9.9,45.7,"Rain, Partially cloudy",rain,07:00:00,1753358400.0
R1 Match-,Bets are void in event of tie,22JUL25:14:30:00,24JUL25:06:30:00,12808.0,17538.0,,"grillo, emiliano","homa, max",,1.87,1.87,1.91,1.91,,,1.0,0.0,,win,loss,,draftkings,2025-07-27,3M Open,2025,2025,525,,1.0,pga,12808.0,T20,TPC Twin Cities,883.0,71.0,1.0,8:02:00.000,65.0,-1.419,0.405,3.874,1.037,5.316,3.897,286.1,0.786,0.889,0.75,32.63,17.394,5.0,3.0,0.0,6.0,12.0,0.0,0.0,17538.0,T39,7:18:00.000,66.0,-0.879,0.035,2.225,1.516,3.776,2.897,296.2,0.786,1.0,0.0,28.888,22.744,3.0,2.0,0.0,5.0,13.0,0.0,0.0,,,,,,,,,,,,,,,,,,,,,,,,45.1772759150365,-93.21330371989598,2025-07-24,08:02:00,71.4,71.4,92.25,69.1,0.0,0.0,,7.3,12.1,344.0,1014.1,9.9,87.9,Partially cloudy,partly-cloudy-day,08:00:00,1753362000.0
